Date,YYYY,MM,DD,Station,Fraction,Depth,Chl-a
14/05/2001,2001,5,14,E2GI,GFF,0,0.801
14/05/2001,2001,5,14,E2GI,GFF,10,0.581
14/05/2001,2001,5,14,E2GI,GFF,20,0.881
14/05/2001,2001,5,14,E2GI,GFF,30,0.612
14/05/2001,2001,5,14,E2GI,GFF,40,0.306
14/05/2001,2001,5,14,E2GI,GFF,50,0.208
14/05/2001,2001,5,14,E2GI,GFF,75,0.162
14/05/2001,2001,5,14,E2GI,GFF,100,0.126
11/06/2001,2001,6,11,E2GI,GFF,0,0.211
11/06/2001,2001,6,11,E2GI,GFF,10,0.158
11/06/2001,2001,6,11,E2GI,GFF,20,1.401
11/06/2001,2001,6,11,E2GI,GFF,30,0.446
11/06/2001,2001,6,11,E2GI,GFF,40,0.334
11/06/2001,2001,6,11,E2GI,GFF,50,0.427
11/06/2001,2001,6,11,E2GI,GFF,75,0.161
11/06/2001,2001,6,11,E2GI,GFF,100,0.208
09/07/2001,2001,7,9,E2GI,GFF,0,0.127
09/07/2001,2001,7,9,E2GI,GFF,10,0.173
09/07/2001,2001,7,9,E2GI,GFF,20,0.093
09/07/2001,2001,7,9,E2GI,GFF,30,0.236
09/07/2001,2001,7,9,E2GI,GFF,40,0.456
09/07/2001,2001,7,9,E2GI,GFF,50,0.319
09/07/2001,2001,7,9,E2GI,GFF,75,0.264
09/07/2001,2001,7,9,E2GI,GFF,100,0.078
09/08/2001,2001,8,9,E2GI,GFF,0,0.197
09/08/2001,2001,8,9,E2GI,GFF,10,0.184
09/08/2001,2001,8,9,E2GI,GFF,20,0.114
09/08/2001,2001,8,9,E2GI,GFF,30,0.154
09/08/2001,2001,8,9,E2GI,GFF,40,0.281
09/08/2001,2001,8,9,E2GI,GFF,50,1.175
09/08/2001,2001,8,9,E2GI,GFF,75,0.329
09/08/2001,2001,8,9,E2GI,GFF,100,0.116
10/09/2001,2001,9,10,E2GI,GFF,0,0.107
10/09/2001,2001,9,10,E2GI,GFF,10,0.282
10/09/2001,2001,9,10,E2GI,GFF,20,0.583
10/09/2001,2001,9,10,E2GI,GFF,30,0.4
10/09/2001,2001,9,10,E2GI,GFF,40,0.284
10/09/2001,2001,9,10,E2GI,GFF,50,0.329
10/09/2001,2001,9,10,E2GI,GFF,75,0.079
10/09/2001,2001,9,10,E2GI,GFF,100,0.07
11/10/2001,2001,10,11,E2GI,GFF,0,0.589
11/10/2001,2001,10,11,E2GI,GFF,10,0.561
11/10/2001,2001,10,11,E2GI,GFF,20,0.446
11/10/2001,2001,10,11,E2GI,GFF,30,0.39
11/10/2001,2001,10,11,E2GI,GFF,40,0.295
11/10/2001,2001,10,11,E2GI,GFF,50,0.251
11/10/2001,2001,10,11,E2GI,GFF,75,0.216
11/10/2001,2001,10,11,E2GI,GFF,100,0.139
22/11/2001,2001,11,22,E2GI,GFF,0,1.121
22/11/2001,2001,11,22,E2GI,GFF,10,1.123
22/11/2001,2001,11,22,E2GI,GFF,20,0.988
22/11/2001,2001,11,22,E2GI,GFF,30,1.022
22/11/2001,2001,11,22,E2GI,GFF,40,0.507
22/11/2001,2001,11,22,E2GI,GFF,50,0.39
22/11/2001,2001,11,22,E2GI,GFF,75,0.034
22/11/2001,2001,11,22,E2GI,GFF,100,0.055
11/12/2001,2001,12,11,E2GI,GFF,0,0.848
11/12/2001,2001,12,11,E2GI,GFF,10,0.99
11/12/2001,2001,12,11,E2GI,GFF,20,0.976
11/12/2001,2001,12,11,E2GI,GFF,30,1.077
11/12/2001,2001,12,11,E2GI,GFF,40,1.021
11/12/2001,2001,12,11,E2GI,GFF,50,0.595
11/12/2001,2001,12,11,E2GI,GFF,100,0.18
17/01/2002,2002,1,17,E2GI,GFF,0,0.674
17/01/2002,2002,1,17,E2GI,GFF,10,0.799
17/01/2002,2002,1,17,E2GI,GFF,20,0.802
17/01/2002,2002,1,17,E2GI,GFF,30,0.791
17/01/2002,2002,1,17,E2GI,GFF,40,0.735
17/01/2002,2002,1,17,E2GI,GFF,50,0.475
17/01/2002,2002,1,17,E2GI,GFF,75,0.358
17/01/2002,2002,1,17,E2GI,GFF,100,0.411
18/02/2002,2002,2,18,E2GI,GFF,0,0.316
18/02/2002,2002,2,18,E2GI,GFF,10,0.287
18/02/2002,2002,2,18,E2GI,GFF,20,0.29
18/02/2002,2002,2,18,E2GI,GFF,30,0.289
18/02/2002,2002,2,18,E2GI,GFF,40,0.278
18/02/2002,2002,2,18,E2GI,GFF,50,0.266
18/02/2002,2002,2,18,E2GI,GFF,75,0.271
18/02/2002,2002,2,18,E2GI,GFF,100,0.217
25/03/2002,2002,3,25,E2GI,GFF,0,2.551
25/03/2002,2002,3,25,E2GI,GFF,10,3.632
25/03/2002,2002,3,25,E2GI,GFF,20,4.617
25/03/2002,2002,3,25,E2GI,GFF,30,1.118
25/03/2002,2002,3,25,E2GI,GFF,40,0.394
25/03/2002,2002,3,25,E2GI,GFF,50,0.373
25/03/2002,2002,3,25,E2GI,GFF,75,0.195
25/03/2002,2002,3,25,E2GI,GFF,100,0.702
18/04/2002,2002,4,18,E2GI,GFF,10,0.529
18/04/2002,2002,4,18,E2GI,GFF,20,0.732
18/04/2002,2002,4,18,E2GI,GFF,30,1.416
18/04/2002,2002,4,18,E2GI,GFF,40,1.376
18/04/2002,2002,4,18,E2GI,GFF,50,0.365
18/04/2002,2002,4,18,E2GI,GFF,75,0.172
18/04/2002,2002,4,18,E2GI,GFF,100,0.448
13/05/2002,2002,5,13,E2GI,GFF,0,0.311
13/05/2002,2002,5,13,E2GI,GFF,10,0.409
13/05/2002,2002,5,13,E2GI,GFF,20,0.388
13/05/2002,2002,5,13,E2GI,GFF,30,0.389
13/05/2002,2002,5,13,E2GI,GFF,40,0.384
13/05/2002,2002,5,13,E2GI,GFF,50,0.379
13/05/2002,2002,5,13,E2GI,GFF,75,0.166
13/05/2002,2002,5,13,E2GI,GFF,100,0.079
18/06/2002,2002,6,18,E2GI,GFF,0,0.873
18/06/2002,2002,6,18,E2GI,GFF,10,0.801
18/06/2002,2002,6,18,E2GI,GFF,20,0.66
18/06/2002,2002,6,18,E2GI,GFF,30,0.708
18/06/2002,2002,6,18,E2GI,GFF,40,0.842
18/06/2002,2002,6,18,E2GI,GFF,50,0.733
18/06/2002,2002,6,18,E2GI,GFF,75,0.225
18/06/2002,2002,6,18,E2GI,GFF,100,0.129
10/07/2002,2002,7,10,E2GI,GFF,0,0.173
10/07/2002,2002,7,10,E2GI,GFF,10,0.213
10/07/2002,2002,7,10,E2GI,GFF,20,0.228
10/07/2002,2002,7,10,E2GI,GFF,30,0.26
10/07/2002,2002,7,10,E2GI,GFF,40,0.551
10/07/2002,2002,7,10,E2GI,GFF,50,0.558
10/07/2002,2002,7,10,E2GI,GFF,75,0.104
10/07/2002,2002,7,10,E2GI,GFF,100,0.059
08/08/2002,2002,8,8,E2GI,GFF,0,0.164
08/08/2002,2002,8,8,E2GI,GFF,10,0.162
08/08/2002,2002,8,8,E2GI,GFF,20,0.163
08/08/2002,2002,8,8,E2GI,GFF,30,0.26
08/08/2002,2002,8,8,E2GI,GFF,40,0.402
08/08/2002,2002,8,8,E2GI,GFF,50,1.881
08/08/2002,2002,8,8,E2GI,GFF,75,0.359
08/08/2002,2002,8,8,E2GI,GFF,100,0.094
10/09/2002,2002,9,10,E2GI,GFF,0,0.522
10/09/2002,2002,9,10,E2GI,GFF,10,1.198
10/09/2002,2002,9,10,E2GI,GFF,20,1.434
10/09/2002,2002,9,10,E2GI,GFF,30,1.408
10/09/2002,2002,9,10,E2GI,GFF,40,0.693
10/09/2002,2002,9,10,E2GI,GFF,50,0.609
10/09/2002,2002,9,10,E2GI,GFF,75,0.242
10/09/2002,2002,9,10,E2GI,GFF,100,0.139
18/10/2002,2002,10,18,E2GI,GFF,0,1.099
18/10/2002,2002,10,18,E2GI,GFF,10,1.07
18/10/2002,2002,10,18,E2GI,GFF,20,1.052
18/10/2002,2002,10,18,E2GI,GFF,30,0.911
18/10/2002,2002,10,18,E2GI,GFF,40,0.502
18/10/2002,2002,10,18,E2GI,GFF,50,0.391
18/10/2002,2002,10,18,E2GI,GFF,75,0.281
18/10/2002,2002,10,18,E2GI,GFF,100,0.19
25/11/2002,2002,11,25,E2GI,GFF,0,0.485
25/11/2002,2002,11,25,E2GI,GFF,10,0.668
25/11/2002,2002,11,25,E2GI,GFF,20,0.581
25/11/2002,2002,11,25,E2GI,GFF,30,0.547
25/11/2002,2002,11,25,E2GI,GFF,40,0.519
25/11/2002,2002,11,25,E2GI,GFF,50,0.597
25/11/2002,2002,11,25,E2GI,GFF,75,0.486
25/11/2002,2002,11,25,E2GI,GFF,100,0.518
13/12/2002,2002,12,13,E2GI,GFF,0,1.585
13/12/2002,2002,12,13,E2GI,GFF,10,3.012
13/12/2002,2002,12,13,E2GI,GFF,20,0.289
13/12/2002,2002,12,13,E2GI,GFF,30,0.823
13/12/2002,2002,12,13,E2GI,GFF,40,2.068
13/12/2002,2002,12,13,E2GI,GFF,50,1.762
13/12/2002,2002,12,13,E2GI,GFF,75,1.51
13/12/2002,2002,12,13,E2GI,GFF,100,0.315
16/01/2003,2003,1,16,E2GI,0.2_um,0,0.248
16/01/2003,2003,1,16,E2GI,0.2_um,10,0.4
16/01/2003,2003,1,16,E2GI,0.2_um,20,1.094
16/01/2003,2003,1,16,E2GI,0.2_um,30,0.95
16/01/2003,2003,1,16,E2GI,0.2_um,40,0.752
16/01/2003,2003,1,16,E2GI,0.2_um,50,0.264
16/01/2003,2003,1,16,E2GI,0.2_um,75,0.675
16/01/2003,2003,1,16,E2GI,0.2_um,100,0.327
16/01/2003,2003,1,16,E2GI,2_um,0,0.848
16/01/2003,2003,1,16,E2GI,2_um,10,0.865
16/01/2003,2003,1,16,E2GI,2_um,20,0.286
16/01/2003,2003,1,16,E2GI,2_um,30,0.38
16/01/2003,2003,1,16,E2GI,2_um,40,0.433
16/01/2003,2003,1,16,E2GI,2_um,50,0.333
16/01/2003,2003,1,16,E2GI,2_um,75,0.491
16/01/2003,2003,1,16,E2GI,2_um,100,0.585
16/01/2003,2003,1,16,E2GI,20_um,0,0.27
16/01/2003,2003,1,16,E2GI,20_um,10,0.341
16/01/2003,2003,1,16,E2GI,20_um,20,0.201
16/01/2003,2003,1,16,E2GI,20_um,30,0.198
16/01/2003,2003,1,16,E2GI,20_um,40,0.385
16/01/2003,2003,1,16,E2GI,20_um,50,0.552
16/01/2003,2003,1,16,E2GI,20_um,75,0.435
16/01/2003,2003,1,16,E2GI,20_um,100,0.701
17/02/2003,2003,2,17,E2GI,0.2_um,0,2.308
17/02/2003,2003,2,17,E2GI,0.2_um,10,2.34
17/02/2003,2003,2,17,E2GI,0.2_um,20,2.254
17/02/2003,2003,2,17,E2GI,0.2_um,30,2.689
17/02/2003,2003,2,17,E2GI,0.2_um,40,1.979
17/02/2003,2003,2,17,E2GI,0.2_um,50,1.637
17/02/2003,2003,2,17,E2GI,0.2_um,75,0.628
17/02/2003,2003,2,17,E2GI,0.2_um,100,0.466
17/02/2003,2003,2,17,E2GI,2_um,0,1.869
17/02/2003,2003,2,17,E2GI,2_um,10,1.352
17/02/2003,2003,2,17,E2GI,2_um,20,2.237
17/02/2003,2003,2,17,E2GI,2_um,30,2.336
17/02/2003,2003,2,17,E2GI,2_um,40,1.797
17/02/2003,2003,2,17,E2GI,2_um,50,1.129
17/02/2003,2003,2,17,E2GI,2_um,75,0.842
17/02/2003,2003,2,17,E2GI,2_um,100,1.301
17/02/2003,2003,2,17,E2GI,20_um,0,0.31
17/02/2003,2003,2,17,E2GI,20_um,10,0.867
17/02/2003,2003,2,17,E2GI,20_um,20,0.128
17/02/2003,2003,2,17,E2GI,20_um,30,0.375
17/02/2003,2003,2,17,E2GI,20_um,40,1.167
17/02/2003,2003,2,17,E2GI,20_um,50,0.283
17/02/2003,2003,2,17,E2GI,20_um,75,0.488
17/02/2003,2003,2,17,E2GI,20_um,100,3.751
19/03/2003,2003,3,19,E2GI,0.2_um,0,0.185
19/03/2003,2003,3,19,E2GI,0.2_um,10,0.521
19/03/2003,2003,3,19,E2GI,0.2_um,20,0.474
19/03/2003,2003,3,19,E2GI,0.2_um,30,0.238
19/03/2003,2003,3,19,E2GI,0.2_um,40,0.454
19/03/2003,2003,3,19,E2GI,0.2_um,50,0.419
19/03/2003,2003,3,19,E2GI,0.2_um,75,0.118
19/03/2003,2003,3,19,E2GI,0.2_um,100,0.371
19/03/2003,2003,3,19,E2GI,2_um,0,0.72
19/03/2003,2003,3,19,E2GI,2_um,10,1.01
19/03/2003,2003,3,19,E2GI,2_um,20,0.888
19/03/2003,2003,3,19,E2GI,2_um,30,0.562
19/03/2003,2003,3,19,E2GI,2_um,40,0.178
19/03/2003,2003,3,19,E2GI,2_um,50,0.248
19/03/2003,2003,3,19,E2GI,2_um,75,0.218
19/03/2003,2003,3,19,E2GI,2_um,100,0.434
19/03/2003,2003,3,19,E2GI,20_um,0,1.666
19/03/2003,2003,3,19,E2GI,20_um,10,0.697
19/03/2003,2003,3,19,E2GI,20_um,20,1.895
19/03/2003,2003,3,19,E2GI,20_um,30,2.031
19/03/2003,2003,3,19,E2GI,20_um,40,1.116
19/03/2003,2003,3,19,E2GI,20_um,50,0.598
19/03/2003,2003,3,19,E2GI,20_um,75,0.394
19/03/2003,2003,3,19,E2GI,20_um,100,0.322
14/04/2003,2003,4,14,E2GI,0.2_um,0,0.17
14/04/2003,2003,4,14,E2GI,0.2_um,10,0.103
14/04/2003,2003,4,14,E2GI,0.2_um,20,0.327
14/04/2003,2003,4,14,E2GI,0.2_um,30,0.457
14/04/2003,2003,4,14,E2GI,0.2_um,40,0.146
14/04/2003,2003,4,14,E2GI,0.2_um,50,0.308
14/04/2003,2003,4,14,E2GI,0.2_um,75,0.057
14/04/2003,2003,4,14,E2GI,0.2_um,100,0.105
14/04/2003,2003,4,14,E2GI,2_um,0,0.135
14/04/2003,2003,4,14,E2GI,2_um,10,3.8
14/04/2003,2003,4,14,E2GI,2_um,20,0.293
14/04/2003,2003,4,14,E2GI,2_um,30,3.009
14/04/2003,2003,4,14,E2GI,2_um,40,0.137
14/04/2003,2003,4,14,E2GI,2_um,50,0.777
14/04/2003,2003,4,14,E2GI,2_um,75,0.504
14/04/2003,2003,4,14,E2GI,2_um,100,0.431
14/04/2003,2003,4,14,E2GI,20_um,0,1.369
14/04/2003,2003,4,14,E2GI,20_um,10,2.822
14/04/2003,2003,4,14,E2GI,20_um,20,2.531
14/04/2003,2003,4,14,E2GI,20_um,30,0.428
14/04/2003,2003,4,14,E2GI,20_um,40,2.6
14/04/2003,2003,4,14,E2GI,20_um,50,1.227
14/04/2003,2003,4,14,E2GI,20_um,75,1.585
14/04/2003,2003,4,14,E2GI,20_um,100,1.544
13/05/2003,2003,5,13,E2GI,0.2_um,0,0.124
13/05/2003,2003,5,13,E2GI,0.2_um,10,0.094
13/05/2003,2003,5,13,E2GI,0.2_um,20,0.125
13/05/2003,2003,5,13,E2GI,0.2_um,30,0.15
13/05/2003,2003,5,13,E2GI,0.2_um,40,0.078
13/05/2003,2003,5,13,E2GI,0.2_um,50,0.078
13/05/2003,2003,5,13,E2GI,0.2_um,75,0.021
13/05/2003,2003,5,13,E2GI,0.2_um,100,0.033
13/05/2003,2003,5,13,E2GI,2_um,0,0.108
13/05/2003,2003,5,13,E2GI,2_um,10,0.146
13/05/2003,2003,5,13,E2GI,2_um,20,0.157
13/05/2003,2003,5,13,E2GI,2_um,30,0.228
13/05/2003,2003,5,13,E2GI,2_um,40,0.368
13/05/2003,2003,5,13,E2GI,2_um,50,0.109
13/05/2003,2003,5,13,E2GI,2_um,75,0.091
13/05/2003,2003,5,13,E2GI,2_um,100,0.038
13/05/2003,2003,5,13,E2GI,20_um,0,0.027
13/05/2003,2003,5,13,E2GI,20_um,10,0.02
13/05/2003,2003,5,13,E2GI,20_um,20,0.022
13/05/2003,2003,5,13,E2GI,20_um,30,0.039
13/05/2003,2003,5,13,E2GI,20_um,40,0.036
13/05/2003,2003,5,13,E2GI,20_um,50,0.02
13/05/2003,2003,5,13,E2GI,20_um,75,0.035
13/05/2003,2003,5,13,E2GI,20_um,100,0.028
11/06/2003,2003,6,11,E2GI,0.2_um,0,0.073
11/06/2003,2003,6,11,E2GI,0.2_um,10,0.083
11/06/2003,2003,6,11,E2GI,0.2_um,20,0.098
11/06/2003,2003,6,11,E2GI,0.2_um,30,0.08
11/06/2003,2003,6,11,E2GI,0.2_um,40,0.138
11/06/2003,2003,6,11,E2GI,0.2_um,50,0.418
11/06/2003,2003,6,11,E2GI,0.2_um,75,0.132
11/06/2003,2003,6,11,E2GI,0.2_um,100,0.012
11/06/2003,2003,6,11,E2GI,2_um,0,0.061
11/06/2003,2003,6,11,E2GI,2_um,10,0.094
11/06/2003,2003,6,11,E2GI,2_um,20,0.061
11/06/2003,2003,6,11,E2GI,2_um,30,0.105
11/06/2003,2003,6,11,E2GI,2_um,40,0.148
11/06/2003,2003,6,11,E2GI,2_um,50,0.269
11/06/2003,2003,6,11,E2GI,2_um,75,0.227
11/06/2003,2003,6,11,E2GI,2_um,100,0.04
11/06/2003,2003,6,11,E2GI,20_um,0,0.015
11/06/2003,2003,6,11,E2GI,20_um,10,0.026
11/06/2003,2003,6,11,E2GI,20_um,20,0.035
11/06/2003,2003,6,11,E2GI,20_um,30,0.026
11/06/2003,2003,6,11,E2GI,20_um,40,0.052
11/06/2003,2003,6,11,E2GI,20_um,50,0.026
11/06/2003,2003,6,11,E2GI,20_um,75,0.089
11/06/2003,2003,6,11,E2GI,20_um,100,0.044
14/07/2003,2003,7,14,E2GI,0.2_um,0,0.15
14/07/2003,2003,7,14,E2GI,0.2_um,10,0.083
14/07/2003,2003,7,14,E2GI,0.2_um,20,0.112
14/07/2003,2003,7,14,E2GI,0.2_um,30,0.099
14/07/2003,2003,7,14,E2GI,0.2_um,40,0.13
14/07/2003,2003,7,14,E2GI,0.2_um,50,0.413
14/07/2003,2003,7,14,E2GI,0.2_um,75,0.142
14/07/2003,2003,7,14,E2GI,0.2_um,100,0.057
14/07/2003,2003,7,14,E2GI,2_um,0,0.056
14/07/2003,2003,7,14,E2GI,2_um,10,0.082
14/07/2003,2003,7,14,E2GI,2_um,20,0.074
14/07/2003,2003,7,14,E2GI,2_um,30,0.071
14/07/2003,2003,7,14,E2GI,2_um,40,0.098
14/07/2003,2003,7,14,E2GI,2_um,50,0.442
14/07/2003,2003,7,14,E2GI,2_um,75,0.113
14/07/2003,2003,7,14,E2GI,2_um,100,0.047
14/07/2003,2003,7,14,E2GI,20_um,0,0.054
14/07/2003,2003,7,14,E2GI,20_um,10,0.035
14/07/2003,2003,7,14,E2GI,20_um,20,0.052
14/07/2003,2003,7,14,E2GI,20_um,30,0.046
14/07/2003,2003,7,14,E2GI,20_um,40,0.082
14/07/2003,2003,7,14,E2GI,20_um,50,0.09
14/07/2003,2003,7,14,E2GI,20_um,75,0.04
14/07/2003,2003,7,14,E2GI,20_um,100,0.126
13/08/2003,2003,8,13,E2GI,0.2_um,0,0.124
13/08/2003,2003,8,13,E2GI,0.2_um,10,0.159
13/08/2003,2003,8,13,E2GI,0.2_um,20,0.18
13/08/2003,2003,8,13,E2GI,0.2_um,30,0.28
13/08/2003,2003,8,13,E2GI,0.2_um,40,0.302
13/08/2003,2003,8,13,E2GI,0.2_um,50,0.182
13/08/2003,2003,8,13,E2GI,0.2_um,75,0.135
13/08/2003,2003,8,13,E2GI,0.2_um,100,0.035
13/08/2003,2003,8,13,E2GI,2_um,0,0.04
13/08/2003,2003,8,13,E2GI,2_um,10,0.044
13/08/2003,2003,8,13,E2GI,2_um,20,0.048
13/08/2003,2003,8,13,E2GI,2_um,30,0.04
13/08/2003,2003,8,13,E2GI,2_um,40,0.065
13/08/2003,2003,8,13,E2GI,2_um,50,0.131
13/08/2003,2003,8,13,E2GI,2_um,75,0.106
13/08/2003,2003,8,13,E2GI,2_um,100,0.018
13/08/2003,2003,8,13,E2GI,20_um,0,0.021
13/08/2003,2003,8,13,E2GI,20_um,10,0.021
13/08/2003,2003,8,13,E2GI,20_um,20,0.009
13/08/2003,2003,8,13,E2GI,20_um,30,0.029
13/08/2003,2003,8,13,E2GI,20_um,40,0.08
13/08/2003,2003,8,13,E2GI,20_um,50,0.044
13/08/2003,2003,8,13,E2GI,20_um,75,0.016
13/08/2003,2003,8,13,E2GI,20_um,100,0.007
18/09/2003,2003,9,18,E2GI,0.2_um,0,0.199
18/09/2003,2003,9,18,E2GI,0.2_um,10,0.225
18/09/2003,2003,9,18,E2GI,0.2_um,20,0.227
18/09/2003,2003,9,18,E2GI,0.2_um,30,0.338
18/09/2003,2003,9,18,E2GI,0.2_um,40,0.27
18/09/2003,2003,9,18,E2GI,0.2_um,50,0.182
18/09/2003,2003,9,18,E2GI,0.2_um,75,0.025
18/09/2003,2003,9,18,E2GI,0.2_um,100,0.019
18/09/2003,2003,9,18,E2GI,2_um,0,0.183
18/09/2003,2003,9,18,E2GI,2_um,10,0.352
18/09/2003,2003,9,18,E2GI,2_um,20,0.562
18/09/2003,2003,9,18,E2GI,2_um,30,0.672
18/09/2003,2003,9,18,E2GI,2_um,40,0.285
18/09/2003,2003,9,18,E2GI,2_um,50,0.139
18/09/2003,2003,9,18,E2GI,2_um,75,0.032
18/09/2003,2003,9,18,E2GI,2_um,100,0.052
18/09/2003,2003,9,18,E2GI,20_um,0,0.031
18/09/2003,2003,9,18,E2GI,20_um,10,0.016
18/09/2003,2003,9,18,E2GI,20_um,20,0.013
18/09/2003,2003,9,18,E2GI,20_um,30,0.024
18/09/2003,2003,9,18,E2GI,20_um,40,0.06
18/09/2003,2003,9,18,E2GI,20_um,50,0.027
18/09/2003,2003,9,18,E2GI,20_um,75,0.006
18/09/2003,2003,9,18,E2GI,20_um,100,0.007
15/10/2003,2003,10,15,E2GI,0.2_um,0,0.306
15/10/2003,2003,10,15,E2GI,0.2_um,10,0.438
15/10/2003,2003,10,15,E2GI,0.2_um,20,0.196
15/10/2003,2003,10,15,E2GI,0.2_um,30,0.365
15/10/2003,2003,10,15,E2GI,0.2_um,40,0.202
15/10/2003,2003,10,15,E2GI,0.2_um,50,0.073
15/10/2003,2003,10,15,E2GI,0.2_um,75,0.043
15/10/2003,2003,10,15,E2GI,0.2_um,100,0.03
15/10/2003,2003,10,15,E2GI,2_um,0,0.048
15/10/2003,2003,10,15,E2GI,2_um,10,0.175
15/10/2003,2003,10,15,E2GI,2_um,20,0.238
15/10/2003,2003,10,15,E2GI,2_um,30,0.181
15/10/2003,2003,10,15,E2GI,2_um,40,0.08
15/10/2003,2003,10,15,E2GI,2_um,50,0.05
15/10/2003,2003,10,15,E2GI,2_um,75,0.029
15/10/2003,2003,10,15,E2GI,2_um,100,0.03
15/10/2003,2003,10,15,E2GI,20_um,0,0.028
15/10/2003,2003,10,15,E2GI,20_um,10,0.029
15/10/2003,2003,10,15,E2GI,20_um,20,0.023
15/10/2003,2003,10,15,E2GI,20_um,30,0.013
15/10/2003,2003,10,15,E2GI,20_um,40,0.021
15/10/2003,2003,10,15,E2GI,20_um,50,0.015
15/10/2003,2003,10,15,E2GI,20_um,75,0.028
15/10/2003,2003,10,15,E2GI,20_um,100,0.016
11/11/2003,2003,11,11,E2GI,0.2_um,0,0.314
11/11/2003,2003,11,11,E2GI,0.2_um,10,0.324
11/11/2003,2003,11,11,E2GI,0.2_um,20,0.312
11/11/2003,2003,11,11,E2GI,0.2_um,30,0.268
11/11/2003,2003,11,11,E2GI,0.2_um,40,0.414
11/11/2003,2003,11,11,E2GI,0.2_um,50,0.295
11/11/2003,2003,11,11,E2GI,0.2_um,75,0.136
11/11/2003,2003,11,11,E2GI,0.2_um,100,0.038
11/11/2003,2003,11,11,E2GI,2_um,0,0.208
11/11/2003,2003,11,11,E2GI,2_um,10,0.208
11/11/2003,2003,11,11,E2GI,2_um,20,0.257
11/11/2003,2003,11,11,E2GI,2_um,30,0.163
11/11/2003,2003,11,11,E2GI,2_um,40,0.15
11/11/2003,2003,11,11,E2GI,2_um,50,0.181
11/11/2003,2003,11,11,E2GI,2_um,75,0.084
11/11/2003,2003,11,11,E2GI,2_um,100,0.042
11/11/2003,2003,11,11,E2GI,20_um,0,0.071
11/11/2003,2003,11,11,E2GI,20_um,10,0.049
11/11/2003,2003,11,11,E2GI,20_um,20,0.04
11/11/2003,2003,11,11,E2GI,20_um,30,0.045
11/11/2003,2003,11,11,E2GI,20_um,40,0.042
11/11/2003,2003,11,11,E2GI,20_um,50,0.041
11/11/2003,2003,11,11,E2GI,20_um,75,0.025
11/11/2003,2003,11,11,E2GI,20_um,100,0.008
15/12/2003,2003,12,15,E2GI,0.2_um,0,0.172
15/12/2003,2003,12,15,E2GI,0.2_um,10,0.116
15/12/2003,2003,12,15,E2GI,0.2_um,20,0.259
15/12/2003,2003,12,15,E2GI,0.2_um,30,0.232
15/12/2003,2003,12,15,E2GI,0.2_um,40,0.219
15/12/2003,2003,12,15,E2GI,0.2_um,50,0.205
15/12/2003,2003,12,15,E2GI,0.2_um,75,0.158
15/12/2003,2003,12,15,E2GI,0.2_um,100,0.024
15/12/2003,2003,12,15,E2GI,2_um,0,0.162
15/12/2003,2003,12,15,E2GI,2_um,10,0.225
15/12/2003,2003,12,15,E2GI,2_um,20,0.37
15/12/2003,2003,12,15,E2GI,2_um,30,0.266
15/12/2003,2003,12,15,E2GI,2_um,40,0.258
15/12/2003,2003,12,15,E2GI,2_um,50,0.231
15/12/2003,2003,12,15,E2GI,2_um,75,0.164
15/12/2003,2003,12,15,E2GI,2_um,100,0.028
15/12/2003,2003,12,15,E2GI,20_um,0,0.075
15/12/2003,2003,12,15,E2GI,20_um,10,0.073
15/12/2003,2003,12,15,E2GI,20_um,20,0.046
15/12/2003,2003,12,15,E2GI,20_um,30,0.052
15/12/2003,2003,12,15,E2GI,20_um,40,0.029
15/12/2003,2003,12,15,E2GI,20_um,50,0.022
15/12/2003,2003,12,15,E2GI,20_um,75,0.02
15/12/2003,2003,12,15,E2GI,20_um,100,0.011
27/01/2004,2004,1,27,E2GI,0.2_um,0,0.145
27/01/2004,2004,1,27,E2GI,0.2_um,10,0.129
27/01/2004,2004,1,27,E2GI,0.2_um,20,0.048
27/01/2004,2004,1,27,E2GI,0.2_um,30,0.153
27/01/2004,2004,1,27,E2GI,0.2_um,40,0.222
27/01/2004,2004,1,27,E2GI,0.2_um,50,0.114
27/01/2004,2004,1,27,E2GI,0.2_um,75,0.154
27/01/2004,2004,1,27,E2GI,0.2_um,100,0.093
27/01/2004,2004,1,27,E2GI,2_um,0,0.24
27/01/2004,2004,1,27,E2GI,2_um,10,0.215
27/01/2004,2004,1,27,E2GI,2_um,20,0.146
27/01/2004,2004,1,27,E2GI,2_um,30,0.17
27/01/2004,2004,1,27,E2GI,2_um,40,0.104
27/01/2004,2004,1,27,E2GI,2_um,50,0.158
27/01/2004,2004,1,27,E2GI,2_um,75,0.188
27/01/2004,2004,1,27,E2GI,2_um,100,0.069
27/01/2004,2004,1,27,E2GI,20_um,0,0.016
27/01/2004,2004,1,27,E2GI,20_um,10,0.045
27/01/2004,2004,1,27,E2GI,20_um,20,0.032
27/01/2004,2004,1,27,E2GI,20_um,30,0.041
27/01/2004,2004,1,27,E2GI,20_um,40,0.038
27/01/2004,2004,1,27,E2GI,20_um,50,0.029
27/01/2004,2004,1,27,E2GI,20_um,75,0.035
27/01/2004,2004,1,27,E2GI,20_um,100,0.028
16/02/2004,2004,2,16,E2GI,0.2_um,0,0.378
16/02/2004,2004,2,16,E2GI,0.2_um,10,0.425
16/02/2004,2004,2,16,E2GI,0.2_um,20,0.253
16/02/2004,2004,2,16,E2GI,0.2_um,30,0.426
16/02/2004,2004,2,16,E2GI,0.2_um,40,0.205
16/02/2004,2004,2,16,E2GI,0.2_um,50,0.141
16/02/2004,2004,2,16,E2GI,0.2_um,75,0.128
16/02/2004,2004,2,16,E2GI,0.2_um,100,0.069
16/02/2004,2004,2,16,E2GI,2_um,0,0.406
16/02/2004,2004,2,16,E2GI,2_um,10,0.368
16/02/2004,2004,2,16,E2GI,2_um,20,0.462
16/02/2004,2004,2,16,E2GI,2_um,30,0.204
16/02/2004,2004,2,16,E2GI,2_um,40,0.153
16/02/2004,2004,2,16,E2GI,2_um,50,0.099
16/02/2004,2004,2,16,E2GI,2_um,75,0.067
16/02/2004,2004,2,16,E2GI,2_um,100,0.04
16/02/2004,2004,2,16,E2GI,20_um,0,0.241
16/02/2004,2004,2,16,E2GI,20_um,10,0.43
16/02/2004,2004,2,16,E2GI,20_um,20,0.225
16/02/2004,2004,2,16,E2GI,20_um,30,0.112
16/02/2004,2004,2,16,E2GI,20_um,40,0.054
16/02/2004,2004,2,16,E2GI,20_um,50,0.004
16/02/2004,2004,2,16,E2GI,20_um,75,0.008
16/02/2004,2004,2,16,E2GI,20_um,100,0.011
18/03/2004,2004,3,18,E2GI,0.2_um,0,0.231
18/03/2004,2004,3,18,E2GI,0.2_um,10,0.104
18/03/2004,2004,3,18,E2GI,0.2_um,20,0.154
18/03/2004,2004,3,18,E2GI,0.2_um,30,0.067
18/03/2004,2004,3,18,E2GI,0.2_um,40,0.095
18/03/2004,2004,3,18,E2GI,0.2_um,50,0.051
18/03/2004,2004,3,18,E2GI,0.2_um,75,0.068
18/03/2004,2004,3,18,E2GI,0.2_um,100,0.057
18/03/2004,2004,3,18,E2GI,2_um,0,0.17
18/03/2004,2004,3,18,E2GI,2_um,10,0.396
18/03/2004,2004,3,18,E2GI,2_um,20,0.443
18/03/2004,2004,3,18,E2GI,2_um,30,0.313
18/03/2004,2004,3,18,E2GI,2_um,40,0.173
18/03/2004,2004,3,18,E2GI,2_um,50,0.154
18/03/2004,2004,3,18,E2GI,2_um,75,0.134
18/03/2004,2004,3,18,E2GI,2_um,100,0.25
18/03/2004,2004,3,18,E2GI,20_um,0,0.557
18/03/2004,2004,3,18,E2GI,20_um,10,0.478
18/03/2004,2004,3,18,E2GI,20_um,20,2.054
18/03/2004,2004,3,18,E2GI,20_um,30,1.416
18/03/2004,2004,3,18,E2GI,20_um,40,0.853
18/03/2004,2004,3,18,E2GI,20_um,50,0.626
18/03/2004,2004,3,18,E2GI,20_um,75,0.148
18/03/2004,2004,3,18,E2GI,20_um,100,2.983
13/04/2004,2004,4,13,E2GI,0.2_um,0,0.252
13/04/2004,2004,4,13,E2GI,0.2_um,10,0.119
13/04/2004,2004,4,13,E2GI,0.2_um,20,0.228
13/04/2004,2004,4,13,E2GI,0.2_um,30,0.13
13/04/2004,2004,4,13,E2GI,0.2_um,40,0.054
13/04/2004,2004,4,13,E2GI,0.2_um,50,0.019
13/04/2004,2004,4,13,E2GI,0.2_um,75,0.079
13/04/2004,2004,4,13,E2GI,0.2_um,100,0.04
13/04/2004,2004,4,13,E2GI,2_um,0,0.396
13/04/2004,2004,4,13,E2GI,2_um,10,0.506
13/04/2004,2004,4,13,E2GI,2_um,20,0.299
13/04/2004,2004,4,13,E2GI,2_um,30,0.128
13/04/2004,2004,4,13,E2GI,2_um,40,0.097
13/04/2004,2004,4,13,E2GI,2_um,50,0.096
13/04/2004,2004,4,13,E2GI,2_um,75,0.063
13/04/2004,2004,4,13,E2GI,2_um,100,0.042
13/04/2004,2004,4,13,E2GI,20_um,0,0.268
13/04/2004,2004,4,13,E2GI,20_um,10,0.248
13/04/2004,2004,4,13,E2GI,20_um,20,0.055
13/04/2004,2004,4,13,E2GI,20_um,30,0.036
13/04/2004,2004,4,13,E2GI,20_um,40,0.019
13/04/2004,2004,4,13,E2GI,20_um,50,0.023
13/04/2004,2004,4,13,E2GI,20_um,75,0.021
13/04/2004,2004,4,13,E2GI,20_um,100,0.014
14/05/2004,2004,5,14,E2GI,0.2_um,0,0.099
14/05/2004,2004,5,14,E2GI,0.2_um,10,0.123
14/05/2004,2004,5,14,E2GI,0.2_um,20,0.092
14/05/2004,2004,5,14,E2GI,0.2_um,30,0.08
14/05/2004,2004,5,14,E2GI,0.2_um,40,0.051
14/05/2004,2004,5,14,E2GI,0.2_um,50,0.046
14/05/2004,2004,5,14,E2GI,0.2_um,75,0.04
14/05/2004,2004,5,14,E2GI,0.2_um,100,0.14
14/05/2004,2004,5,14,E2GI,2_um,0,0.137
14/05/2004,2004,5,14,E2GI,2_um,10,0.152
14/05/2004,2004,5,14,E2GI,2_um,20,0.149
14/05/2004,2004,5,14,E2GI,2_um,30,0.289
14/05/2004,2004,5,14,E2GI,2_um,40,0.215
14/05/2004,2004,5,14,E2GI,2_um,50,0.296
14/05/2004,2004,5,14,E2GI,2_um,75,0.272
14/05/2004,2004,5,14,E2GI,2_um,100,0.143
14/05/2004,2004,5,14,E2GI,20_um,0,0.349
14/05/2004,2004,5,14,E2GI,20_um,10,0.717
14/05/2004,2004,5,14,E2GI,20_um,20,0.887
14/05/2004,2004,5,14,E2GI,20_um,30,1.151
14/05/2004,2004,5,14,E2GI,20_um,40,1.108
14/05/2004,2004,5,14,E2GI,20_um,50,0.446
14/05/2004,2004,5,14,E2GI,20_um,75,0.217
14/05/2004,2004,5,14,E2GI,20_um,100,0.114
08/06/2004,2004,6,8,E2GI,0.2_um,0,0.081
08/06/2004,2004,6,8,E2GI,0.2_um,10,0.274
08/06/2004,2004,6,8,E2GI,0.2_um,20,0.141
08/06/2004,2004,6,8,E2GI,0.2_um,30,0.099
08/06/2004,2004,6,8,E2GI,0.2_um,40,0.102
08/06/2004,2004,6,8,E2GI,0.2_um,50,0.026
08/06/2004,2004,6,8,E2GI,0.2_um,75,0.028
08/06/2004,2004,6,8,E2GI,0.2_um,100,0.021
08/06/2004,2004,6,8,E2GI,2_um,0,0.167
08/06/2004,2004,6,8,E2GI,2_um,10,0.119
08/06/2004,2004,6,8,E2GI,2_um,20,0.378
08/06/2004,2004,6,8,E2GI,2_um,30,0.322
08/06/2004,2004,6,8,E2GI,2_um,40,0.022
08/06/2004,2004,6,8,E2GI,2_um,50,0.043
08/06/2004,2004,6,8,E2GI,2_um,75,0.024
08/06/2004,2004,6,8,E2GI,2_um,100,0.031
08/06/2004,2004,6,8,E2GI,20_um,0,0.046
08/06/2004,2004,6,8,E2GI,20_um,10,0.045
08/06/2004,2004,6,8,E2GI,20_um,20,0.042
08/06/2004,2004,6,8,E2GI,20_um,30,0.041
08/06/2004,2004,6,8,E2GI,20_um,40,0.023
08/06/2004,2004,6,8,E2GI,20_um,50,0.024
08/06/2004,2004,6,8,E2GI,20_um,75,0.012
08/06/2004,2004,6,8,E2GI,20_um,100,0.015
12/07/2004,2004,7,12,E2GI,0.2_um,0,0.035
12/07/2004,2004,7,12,E2GI,0.2_um,10,0.029
12/07/2004,2004,7,12,E2GI,0.2_um,20,0.072
12/07/2004,2004,7,12,E2GI,0.2_um,30,0.438
12/07/2004,2004,7,12,E2GI,0.2_um,40,0.22
12/07/2004,2004,7,12,E2GI,0.2_um,50,0.098
12/07/2004,2004,7,12,E2GI,0.2_um,75,0.029
12/07/2004,2004,7,12,E2GI,0.2_um,100,0.012
12/07/2004,2004,7,12,E2GI,2_um,0,0.056
12/07/2004,2004,7,12,E2GI,2_um,10,0.174
12/07/2004,2004,7,12,E2GI,2_um,20,0.174
12/07/2004,2004,7,12,E2GI,2_um,30,0.249
12/07/2004,2004,7,12,E2GI,2_um,40,0.273
12/07/2004,2004,7,12,E2GI,2_um,50,0.208
12/07/2004,2004,7,12,E2GI,2_um,75,0.096
12/07/2004,2004,7,12,E2GI,2_um,100,0.046
12/07/2004,2004,7,12,E2GI,20_um,0,0.014
12/07/2004,2004,7,12,E2GI,20_um,10,0.022
12/07/2004,2004,7,12,E2GI,20_um,20,0.03
12/07/2004,2004,7,12,E2GI,20_um,30,0.033
12/07/2004,2004,7,12,E2GI,20_um,40,0.049
12/07/2004,2004,7,12,E2GI,20_um,50,0.042
12/07/2004,2004,7,12,E2GI,20_um,75,0.019
12/07/2004,2004,7,12,E2GI,20_um,100,0.021
06/08/2004,2004,8,6,E2GI,0.2_um,0,0.134
06/08/2004,2004,8,6,E2GI,0.2_um,10,0.13
06/08/2004,2004,8,6,E2GI,0.2_um,20,0.1
06/08/2004,2004,8,6,E2GI,0.2_um,30,0.048
06/08/2004,2004,8,6,E2GI,0.2_um,40,0.09
06/08/2004,2004,8,6,E2GI,0.2_um,50,0.198
06/08/2004,2004,8,6,E2GI,0.2_um,75,0.076
06/08/2004,2004,8,6,E2GI,0.2_um,100,0.039
06/08/2004,2004,8,6,E2GI,2_um,0,0.121
06/08/2004,2004,8,6,E2GI,2_um,10,0.377
06/08/2004,2004,8,6,E2GI,2_um,20,0.3
06/08/2004,2004,8,6,E2GI,2_um,30,0.177
06/08/2004,2004,8,6,E2GI,2_um,40,0.198
06/08/2004,2004,8,6,E2GI,2_um,50,0.176
06/08/2004,2004,8,6,E2GI,2_um,75,0.101
06/08/2004,2004,8,6,E2GI,2_um,100,0.071
06/08/2004,2004,8,6,E2GI,20_um,0,0.702
06/08/2004,2004,8,6,E2GI,20_um,10,0.691
06/08/2004,2004,8,6,E2GI,20_um,20,1.187
06/08/2004,2004,8,6,E2GI,20_um,30,1.229
06/08/2004,2004,8,6,E2GI,20_um,40,0.625
06/08/2004,2004,8,6,E2GI,20_um,50,0.064
06/08/2004,2004,8,6,E2GI,20_um,75,0.025
06/08/2004,2004,8,6,E2GI,20_um,100,0.022
16/09/2004,2004,9,16,E2GI,0.2_um,0,0.063
16/09/2004,2004,9,16,E2GI,0.2_um,10,0.064
16/09/2004,2004,9,16,E2GI,0.2_um,20,0.053
16/09/2004,2004,9,16,E2GI,0.2_um,30,0.091
16/09/2004,2004,9,16,E2GI,0.2_um,40,0.225
16/09/2004,2004,9,16,E2GI,0.2_um,50,0.195
16/09/2004,2004,9,16,E2GI,0.2_um,75,0.105
16/09/2004,2004,9,16,E2GI,0.2_um,100,0.021
16/09/2004,2004,9,16,E2GI,2_um,0,0.021
16/09/2004,2004,9,16,E2GI,2_um,10,0.036
16/09/2004,2004,9,16,E2GI,2_um,20,0.035
16/09/2004,2004,9,16,E2GI,2_um,30,0.071
16/09/2004,2004,9,16,E2GI,2_um,40,0.024
16/09/2004,2004,9,16,E2GI,2_um,50,0.075
16/09/2004,2004,9,16,E2GI,2_um,75,0.1
16/09/2004,2004,9,16,E2GI,2_um,100,0.023
16/09/2004,2004,9,16,E2GI,20_um,0,0.009
16/09/2004,2004,9,16,E2GI,20_um,10,0.014
16/09/2004,2004,9,16,E2GI,20_um,20,0.023
16/09/2004,2004,9,16,E2GI,20_um,30,0.026
16/09/2004,2004,9,16,E2GI,20_um,40,0.02
16/09/2004,2004,9,16,E2GI,20_um,50,0.022
16/09/2004,2004,9,16,E2GI,20_um,75,0.019
16/09/2004,2004,9,16,E2GI,20_um,100,0.009
07/10/2004,2004,10,7,E2GI,0.2_um,0,0.065
07/10/2004,2004,10,7,E2GI,0.2_um,10,0.143
07/10/2004,2004,10,7,E2GI,0.2_um,20,0.089
07/10/2004,2004,10,7,E2GI,0.2_um,30,0.132
07/10/2004,2004,10,7,E2GI,0.2_um,40,0.039
07/10/2004,2004,10,7,E2GI,0.2_um,50,0.109
07/10/2004,2004,10,7,E2GI,0.2_um,75,0.052
07/10/2004,2004,10,7,E2GI,0.2_um,100,0.047
07/10/2004,2004,10,7,E2GI,2_um,0,0.225
07/10/2004,2004,10,7,E2GI,2_um,10,0.305
07/10/2004,2004,10,7,E2GI,2_um,20,0.27
07/10/2004,2004,10,7,E2GI,2_um,30,0.189
07/10/2004,2004,10,7,E2GI,2_um,40,0.198
07/10/2004,2004,10,7,E2GI,2_um,50,0.095
07/10/2004,2004,10,7,E2GI,2_um,75,0.014
07/10/2004,2004,10,7,E2GI,2_um,100,0.093
07/10/2004,2004,10,7,E2GI,20_um,0,0.634
07/10/2004,2004,10,7,E2GI,20_um,10,0.477
07/10/2004,2004,10,7,E2GI,20_um,20,0.27
07/10/2004,2004,10,7,E2GI,20_um,30,0.245
07/10/2004,2004,10,7,E2GI,20_um,40,0.203
07/10/2004,2004,10,7,E2GI,20_um,50,0.078
07/10/2004,2004,10,7,E2GI,20_um,75,0.049
07/10/2004,2004,10,7,E2GI,20_um,100,0.046
15/11/2004,2004,11,15,E2GI,0.2_um,0,0.183
15/11/2004,2004,11,15,E2GI,0.2_um,10,0.175
15/11/2004,2004,11,15,E2GI,0.2_um,20,0.19
15/11/2004,2004,11,15,E2GI,0.2_um,30,0.153
15/11/2004,2004,11,15,E2GI,0.2_um,40,0.178
15/11/2004,2004,11,15,E2GI,0.2_um,50,0.175
15/11/2004,2004,11,15,E2GI,0.2_um,75,0.029
15/11/2004,2004,11,15,E2GI,0.2_um,100,0.022
15/11/2004,2004,11,15,E2GI,2_um,0,0.136
15/11/2004,2004,11,15,E2GI,2_um,10,0.181
15/11/2004,2004,11,15,E2GI,2_um,20,0.142
15/11/2004,2004,11,15,E2GI,2_um,30,0.174
15/11/2004,2004,11,15,E2GI,2_um,40,0.143
15/11/2004,2004,11,15,E2GI,2_um,50,0.105
15/11/2004,2004,11,15,E2GI,2_um,75,0.02
15/11/2004,2004,11,15,E2GI,2_um,100,0.026
15/11/2004,2004,11,15,E2GI,20_um,0,0.024
15/11/2004,2004,11,15,E2GI,20_um,10,0.032
15/11/2004,2004,11,15,E2GI,20_um,20,0.016
15/11/2004,2004,11,15,E2GI,20_um,30,0.033
15/11/2004,2004,11,15,E2GI,20_um,40,0.02
15/11/2004,2004,11,15,E2GI,20_um,50,0.021
15/11/2004,2004,11,15,E2GI,20_um,75,0.007
15/11/2004,2004,11,15,E2GI,20_um,100,0.015
14/12/2004,2004,12,14,E2GI,0.2_um,0,0.301
14/12/2004,2004,12,14,E2GI,0.2_um,10,0.276
14/12/2004,2004,12,14,E2GI,0.2_um,20,0.304
14/12/2004,2004,12,14,E2GI,0.2_um,30,0.067
14/12/2004,2004,12,14,E2GI,0.2_um,40,0.086
14/12/2004,2004,12,14,E2GI,0.2_um,50,0.119
14/12/2004,2004,12,14,E2GI,0.2_um,75,0.058
14/12/2004,2004,12,14,E2GI,0.2_um,100,0.037
14/12/2004,2004,12,14,E2GI,2_um,0,0.27
14/12/2004,2004,12,14,E2GI,2_um,10,0.361
14/12/2004,2004,12,14,E2GI,2_um,20,0.321
14/12/2004,2004,12,14,E2GI,2_um,30,0.074
14/12/2004,2004,12,14,E2GI,2_um,40,0.064
14/12/2004,2004,12,14,E2GI,2_um,50,0.08
14/12/2004,2004,12,14,E2GI,2_um,75,0.056
14/12/2004,2004,12,14,E2GI,2_um,100,0.02
14/12/2004,2004,12,14,E2GI,20_um,0,0.062
14/12/2004,2004,12,14,E2GI,20_um,10,0.041
14/12/2004,2004,12,14,E2GI,20_um,20,0.045
14/12/2004,2004,12,14,E2GI,20_um,30,0.055
14/12/2004,2004,12,14,E2GI,20_um,40,0.024
14/12/2004,2004,12,14,E2GI,20_um,50,0.028
14/12/2004,2004,12,14,E2GI,20_um,75,0.016
14/12/2004,2004,12,14,E2GI,20_um,100,0.018
17/01/2005,2005,1,17,E2GI,0.2_um,0,0.143
17/01/2005,2005,1,17,E2GI,0.2_um,10,0.333
17/01/2005,2005,1,17,E2GI,0.2_um,20,0.22
17/01/2005,2005,1,17,E2GI,0.2_um,30,0.246
17/01/2005,2005,1,17,E2GI,0.2_um,40,0.418
17/01/2005,2005,1,17,E2GI,0.2_um,50,0.371
17/01/2005,2005,1,17,E2GI,0.2_um,75,0.195
17/01/2005,2005,1,17,E2GI,0.2_um,100,0.092
17/01/2005,2005,1,17,E2GI,2_um,0,0.154
17/01/2005,2005,1,17,E2GI,2_um,10,0.132
17/01/2005,2005,1,17,E2GI,2_um,20,0.202
17/01/2005,2005,1,17,E2GI,2_um,30,0.062
17/01/2005,2005,1,17,E2GI,2_um,40,0.314
17/01/2005,2005,1,17,E2GI,2_um,50,0.294
17/01/2005,2005,1,17,E2GI,2_um,75,0.138
17/01/2005,2005,1,17,E2GI,2_um,100,0.081
17/01/2005,2005,1,17,E2GI,20_um,0,0.056
17/01/2005,2005,1,17,E2GI,20_um,10,0.027
17/01/2005,2005,1,17,E2GI,20_um,20,0.052
17/01/2005,2005,1,17,E2GI,20_um,30,0.176
17/01/2005,2005,1,17,E2GI,20_um,40,0.026
17/01/2005,2005,1,17,E2GI,20_um,50,0.061
17/01/2005,2005,1,17,E2GI,20_um,75,0.049
17/01/2005,2005,1,17,E2GI,20_um,100,0.033
15/02/2005,2005,2,15,E2GI,0.2_um,0,0.092
15/02/2005,2005,2,15,E2GI,0.2_um,10,0.355
15/02/2005,2005,2,15,E2GI,0.2_um,20,0.142
15/02/2005,2005,2,15,E2GI,0.2_um,30,0.226
15/02/2005,2005,2,15,E2GI,0.2_um,40,0.05
15/02/2005,2005,2,15,E2GI,0.2_um,50,0.043
15/02/2005,2005,2,15,E2GI,0.2_um,75,0.111
15/02/2005,2005,2,15,E2GI,0.2_um,100,0.032
15/02/2005,2005,2,15,E2GI,2_um,0,0.038
15/02/2005,2005,2,15,E2GI,2_um,10,0.033
15/02/2005,2005,2,15,E2GI,2_um,20,0.049
15/02/2005,2005,2,15,E2GI,2_um,30,0.044
15/02/2005,2005,2,15,E2GI,2_um,40,0.068
15/02/2005,2005,2,15,E2GI,2_um,50,0.067
15/02/2005,2005,2,15,E2GI,2_um,75,0.012
15/02/2005,2005,2,15,E2GI,2_um,100,0.042
15/02/2005,2005,2,15,E2GI,20_um,0,0.177
15/02/2005,2005,2,15,E2GI,20_um,10,0.028
15/02/2005,2005,2,15,E2GI,20_um,20,0.233
15/02/2005,2005,2,15,E2GI,20_um,30,0.099
15/02/2005,2005,2,15,E2GI,20_um,40,0.292
15/02/2005,2005,2,15,E2GI,20_um,50,0.283
15/02/2005,2005,2,15,E2GI,20_um,75,0.185
15/02/2005,2005,2,15,E2GI,20_um,100,0.206
07/04/2005,2005,4,7,E2GI,0.2_um,0,0.052
07/04/2005,2005,4,7,E2GI,0.2_um,10,0.024
07/04/2005,2005,4,7,E2GI,0.2_um,20,0.116
07/04/2005,2005,4,7,E2GI,0.2_um,30,0.113
07/04/2005,2005,4,7,E2GI,0.2_um,40,0.094
07/04/2005,2005,4,7,E2GI,0.2_um,50,0.051
07/04/2005,2005,4,7,E2GI,0.2_um,75,0.116
07/04/2005,2005,4,7,E2GI,0.2_um,100,0.166
07/04/2005,2005,4,7,E2GI,2_um,0,0.102
07/04/2005,2005,4,7,E2GI,2_um,10,0.308
07/04/2005,2005,4,7,E2GI,2_um,20,0.568
07/04/2005,2005,4,7,E2GI,2_um,30,0.513
07/04/2005,2005,4,7,E2GI,2_um,40,0.15
07/04/2005,2005,4,7,E2GI,2_um,50,0.07
07/04/2005,2005,4,7,E2GI,2_um,75,0.091
07/04/2005,2005,4,7,E2GI,2_um,100,0.076
07/04/2005,2005,4,7,E2GI,20_um,0,0.051
07/04/2005,2005,4,7,E2GI,20_um,10,0.194
07/04/2005,2005,4,7,E2GI,20_um,20,0.323
07/04/2005,2005,4,7,E2GI,20_um,30,0.744
07/04/2005,2005,4,7,E2GI,20_um,40,0.186
07/04/2005,2005,4,7,E2GI,20_um,50,0.096
07/04/2005,2005,4,7,E2GI,20_um,75,0.136
07/04/2005,2005,4,7,E2GI,20_um,100,0.07
13/05/2005,2005,5,13,E2GI,0.2_um,0,0.016
13/05/2005,2005,5,13,E2GI,0.2_um,10,0.127
13/05/2005,2005,5,13,E2GI,0.2_um,20,0.342
13/05/2005,2005,5,13,E2GI,0.2_um,30,0.656
13/05/2005,2005,5,13,E2GI,0.2_um,40,0.539
13/05/2005,2005,5,13,E2GI,0.2_um,50,0.052
13/05/2005,2005,5,13,E2GI,0.2_um,75,0.162
13/05/2005,2005,5,13,E2GI,0.2_um,100,0.15
13/05/2005,2005,5,13,E2GI,2_um,0,0.057
13/05/2005,2005,5,13,E2GI,2_um,10,0.127
13/05/2005,2005,5,13,E2GI,2_um,20,0.207
13/05/2005,2005,5,13,E2GI,2_um,30,0.362
13/05/2005,2005,5,13,E2GI,2_um,40,0.223
13/05/2005,2005,5,13,E2GI,2_um,50,0.161
13/05/2005,2005,5,13,E2GI,2_um,75,0.192
13/05/2005,2005,5,13,E2GI,2_um,100,0.286
13/05/2005,2005,5,13,E2GI,20_um,0,0.641
13/05/2005,2005,5,13,E2GI,20_um,10,0.549
13/05/2005,2005,5,13,E2GI,20_um,20,1.461
13/05/2005,2005,5,13,E2GI,20_um,30,1.86
13/05/2005,2005,5,13,E2GI,20_um,40,0.042
13/05/2005,2005,5,13,E2GI,20_um,50,0.308
13/05/2005,2005,5,13,E2GI,20_um,75,0.145
13/05/2005,2005,5,13,E2GI,20_um,100,0.101
07/06/2005,2005,6,7,E2GI,0.2_um,0,0.014
07/06/2005,2005,6,7,E2GI,0.2_um,10,0.078
07/06/2005,2005,6,7,E2GI,0.2_um,20,0.14
07/06/2005,2005,6,7,E2GI,0.2_um,30,0.231
07/06/2005,2005,6,7,E2GI,0.2_um,40,0.031
07/06/2005,2005,6,7,E2GI,0.2_um,50,0.154
07/06/2005,2005,6,7,E2GI,0.2_um,75,0.03
07/06/2005,2005,6,7,E2GI,0.2_um,100,0.06
07/06/2005,2005,6,7,E2GI,2_um,0,0.067
07/06/2005,2005,6,7,E2GI,2_um,10,0.08
07/06/2005,2005,6,7,E2GI,2_um,20,0.071
07/06/2005,2005,6,7,E2GI,2_um,30,0.223
07/06/2005,2005,6,7,E2GI,2_um,40,0.188
07/06/2005,2005,6,7,E2GI,2_um,50,0.066
07/06/2005,2005,6,7,E2GI,2_um,75,0.056
07/06/2005,2005,6,7,E2GI,2_um,100,0.041
07/06/2005,2005,6,7,E2GI,20_um,0,0.031
07/06/2005,2005,6,7,E2GI,20_um,10,0.028
07/06/2005,2005,6,7,E2GI,20_um,20,0.159
07/06/2005,2005,6,7,E2GI,20_um,30,0.047
07/06/2005,2005,6,7,E2GI,20_um,40,0.117
07/06/2005,2005,6,7,E2GI,20_um,50,0.12
07/06/2005,2005,6,7,E2GI,20_um,75,0.102
07/06/2005,2005,6,7,E2GI,20_um,100,0.01
08/07/2005,2005,7,8,E2GI,0.2_um,0,0.09
08/07/2005,2005,7,8,E2GI,0.2_um,10,0.075
08/07/2005,2005,7,8,E2GI,0.2_um,20,0.086
08/07/2005,2005,7,8,E2GI,0.2_um,30,0.094
08/07/2005,2005,7,8,E2GI,0.2_um,40,0.245
08/07/2005,2005,7,8,E2GI,0.2_um,50,0.141
08/07/2005,2005,7,8,E2GI,0.2_um,75,0.032
08/07/2005,2005,7,8,E2GI,0.2_um,100,0.011
08/07/2005,2005,7,8,E2GI,2_um,0,0.07
08/07/2005,2005,7,8,E2GI,2_um,10,0.104
08/07/2005,2005,7,8,E2GI,2_um,20,0.151
08/07/2005,2005,7,8,E2GI,2_um,30,0.194
08/07/2005,2005,7,8,E2GI,2_um,40,0.447
08/07/2005,2005,7,8,E2GI,2_um,50,0.301
08/07/2005,2005,7,8,E2GI,2_um,75,0.07
08/07/2005,2005,7,8,E2GI,2_um,100,0.038
08/07/2005,2005,7,8,E2GI,20_um,0,0.025
08/07/2005,2005,7,8,E2GI,20_um,10,0.027
08/07/2005,2005,7,8,E2GI,20_um,20,0.082
08/07/2005,2005,7,8,E2GI,20_um,30,0.036
08/07/2005,2005,7,8,E2GI,20_um,40,0.039
08/07/2005,2005,7,8,E2GI,20_um,50,0.084
08/07/2005,2005,7,8,E2GI,20_um,75,0.023
08/07/2005,2005,7,8,E2GI,20_um,100,0.021
02/08/2005,2005,8,2,E2GI,0.2_um,0,0.071
02/08/2005,2005,8,2,E2GI,0.2_um,10,0.069
02/08/2005,2005,8,2,E2GI,0.2_um,20,0.096
02/08/2005,2005,8,2,E2GI,0.2_um,30,0.147
02/08/2005,2005,8,2,E2GI,0.2_um,40,0.336
02/08/2005,2005,8,2,E2GI,0.2_um,50,0.114
02/08/2005,2005,8,2,E2GI,0.2_um,75,0.114
02/08/2005,2005,8,2,E2GI,0.2_um,100,0.062
02/08/2005,2005,8,2,E2GI,2_um,0,0.077
02/08/2005,2005,8,2,E2GI,2_um,10,0.09
02/08/2005,2005,8,2,E2GI,2_um,20,0.101
02/08/2005,2005,8,2,E2GI,2_um,30,0.154
02/08/2005,2005,8,2,E2GI,2_um,40,0.372
02/08/2005,2005,8,2,E2GI,2_um,50,0.191
02/08/2005,2005,8,2,E2GI,2_um,75,0.147
02/08/2005,2005,8,2,E2GI,2_um,100,0.1
02/08/2005,2005,8,2,E2GI,20_um,0,0.036
02/08/2005,2005,8,2,E2GI,20_um,10,0.038
02/08/2005,2005,8,2,E2GI,20_um,20,0.044
02/08/2005,2005,8,2,E2GI,20_um,30,0.052
02/08/2005,2005,8,2,E2GI,20_um,40,0.181
02/08/2005,2005,8,2,E2GI,20_um,50,0.265
02/08/2005,2005,8,2,E2GI,20_um,75,0.106
02/08/2005,2005,8,2,E2GI,20_um,100,0.05
09/09/2005,2005,9,9,E2GI,0.2_um,0,0.234
09/09/2005,2005,9,9,E2GI,0.2_um,10,0.226
09/09/2005,2005,9,9,E2GI,0.2_um,20,0.422
09/09/2005,2005,9,9,E2GI,0.2_um,30,0.366
09/09/2005,2005,9,9,E2GI,0.2_um,40,0.178
09/09/2005,2005,9,9,E2GI,0.2_um,50,0.166
09/09/2005,2005,9,9,E2GI,0.2_um,75,0.108
09/09/2005,2005,9,9,E2GI,0.2_um,100,0.051
09/09/2005,2005,9,9,E2GI,2_um,0,0.08
09/09/2005,2005,9,9,E2GI,2_um,10,0.652
09/09/2005,2005,9,9,E2GI,2_um,20,1.449
09/09/2005,2005,9,9,E2GI,2_um,30,1.079
09/09/2005,2005,9,9,E2GI,2_um,40,0.641
09/09/2005,2005,9,9,E2GI,2_um,50,0.148
09/09/2005,2005,9,9,E2GI,2_um,75,0.073
09/09/2005,2005,9,9,E2GI,2_um,100,0.099
09/09/2005,2005,9,9,E2GI,20_um,0,0.043
09/09/2005,2005,9,9,E2GI,20_um,10,0.103
09/09/2005,2005,9,9,E2GI,20_um,20,0.231
09/09/2005,2005,9,9,E2GI,20_um,30,0.152
09/09/2005,2005,9,9,E2GI,20_um,40,0.172
09/09/2005,2005,9,9,E2GI,20_um,50,0.036
09/09/2005,2005,9,9,E2GI,20_um,75,0.036
09/09/2005,2005,9,9,E2GI,20_um,100,0.031
07/11/2005,2005,11,7,E2GI,0.2_um,0,0.364
07/11/2005,2005,11,7,E2GI,0.2_um,10,0.196
07/11/2005,2005,11,7,E2GI,0.2_um,20,0.368
07/11/2005,2005,11,7,E2GI,0.2_um,30,0.423
07/11/2005,2005,11,7,E2GI,0.2_um,40,0.442
07/11/2005,2005,11,7,E2GI,0.2_um,50,0.159
07/11/2005,2005,11,7,E2GI,0.2_um,75,0.155
07/11/2005,2005,11,7,E2GI,0.2_um,100,0.1
07/11/2005,2005,11,7,E2GI,2_um,0,0.548
07/11/2005,2005,11,7,E2GI,2_um,10,0.508
07/11/2005,2005,11,7,E2GI,2_um,20,0.654
07/11/2005,2005,11,7,E2GI,2_um,30,0.29
07/11/2005,2005,11,7,E2GI,2_um,40,0.195
07/11/2005,2005,11,7,E2GI,2_um,50,0.18
07/11/2005,2005,11,7,E2GI,2_um,75,0.154
07/11/2005,2005,11,7,E2GI,2_um,100,0.076
07/11/2005,2005,11,7,E2GI,20_um,0,0.032
07/11/2005,2005,11,7,E2GI,20_um,10,0.024
07/11/2005,2005,11,7,E2GI,20_um,20,0.027
07/11/2005,2005,11,7,E2GI,20_um,30,0.049
07/11/2005,2005,11,7,E2GI,20_um,40,0.002
07/11/2005,2005,11,7,E2GI,20_um,50,0.003
07/11/2005,2005,11,7,E2GI,20_um,75,0.001
07/11/2005,2005,11,7,E2GI,20_um,100,0.004
16/12/2005,2005,12,16,E2GI,0.2_um,0,0.438
16/12/2005,2005,12,16,E2GI,0.2_um,10,0.236
16/12/2005,2005,12,16,E2GI,0.2_um,20,0.444
16/12/2005,2005,12,16,E2GI,0.2_um,30,0.509
16/12/2005,2005,12,16,E2GI,0.2_um,40,0.532
16/12/2005,2005,12,16,E2GI,0.2_um,50,0.191
16/12/2005,2005,12,16,E2GI,0.2_um,75,0.187
16/12/2005,2005,12,16,E2GI,0.2_um,100,0.12
16/12/2005,2005,12,16,E2GI,2_um,0,0.66
16/12/2005,2005,12,16,E2GI,2_um,10,0.612
16/12/2005,2005,12,16,E2GI,2_um,20,0.788
16/12/2005,2005,12,16,E2GI,2_um,30,0.349
16/12/2005,2005,12,16,E2GI,2_um,40,0.235
16/12/2005,2005,12,16,E2GI,2_um,50,0.216
16/12/2005,2005,12,16,E2GI,2_um,75,0.185
16/12/2005,2005,12,16,E2GI,2_um,100,0.092
16/12/2005,2005,12,16,E2GI,20_um,0,0.038
16/12/2005,2005,12,16,E2GI,20_um,10,0.029
16/12/2005,2005,12,16,E2GI,20_um,20,0.032
16/12/2005,2005,12,16,E2GI,20_um,30,0.059
16/12/2005,2005,12,16,E2GI,20_um,40,0.002
16/12/2005,2005,12,16,E2GI,20_um,50,0.004
16/12/2005,2005,12,16,E2GI,20_um,75,0.001
16/12/2005,2005,12,16,E2GI,20_um,100,0.004
12/01/2006,2006,1,12,E2GI,0.2_um,0,0.319
12/01/2006,2006,1,12,E2GI,0.2_um,10,0.148
12/01/2006,2006,1,12,E2GI,0.2_um,20,0.067
12/01/2006,2006,1,12,E2GI,0.2_um,30,0.137
12/01/2006,2006,1,12,E2GI,0.2_um,40,0.127
12/01/2006,2006,1,12,E2GI,0.2_um,50,0.154
12/01/2006,2006,1,12,E2GI,0.2_um,75,0.084
12/01/2006,2006,1,12,E2GI,0.2_um,100,0.054
12/01/2006,2006,1,12,E2GI,2_um,0,1.038
12/01/2006,2006,1,12,E2GI,2_um,10,0.149
12/01/2006,2006,1,12,E2GI,2_um,20,0.183
12/01/2006,2006,1,12,E2GI,2_um,30,0.153
12/01/2006,2006,1,12,E2GI,2_um,40,0.177
12/01/2006,2006,1,12,E2GI,2_um,50,0.117
12/01/2006,2006,1,12,E2GI,2_um,75,0.105
12/01/2006,2006,1,12,E2GI,2_um,100,0.068
12/01/2006,2006,1,12,E2GI,20_um,0,0.11
12/01/2006,2006,1,12,E2GI,20_um,10,0.038
12/01/2006,2006,1,12,E2GI,20_um,20,0.048
12/01/2006,2006,1,12,E2GI,20_um,30,0.04
12/01/2006,2006,1,12,E2GI,20_um,40,0.033
12/01/2006,2006,1,12,E2GI,20_um,50,0.047
12/01/2006,2006,1,12,E2GI,20_um,75,0.019
12/01/2006,2006,1,12,E2GI,20_um,100,0.036
08/02/2006,2006,2,8,E2GI,0.2_um,0,0.154
08/02/2006,2006,2,8,E2GI,0.2_um,10,0.327
08/02/2006,2006,2,8,E2GI,0.2_um,20,0.224
08/02/2006,2006,2,8,E2GI,0.2_um,30,0.338
08/02/2006,2006,2,8,E2GI,0.2_um,40,0.117
08/02/2006,2006,2,8,E2GI,0.2_um,50,0.356
08/02/2006,2006,2,8,E2GI,0.2_um,100,0.09
08/02/2006,2006,2,8,E2GI,2_um,0,0.342
08/02/2006,2006,2,8,E2GI,2_um,10,0.121
08/02/2006,2006,2,8,E2GI,2_um,20,0.227
08/02/2006,2006,2,8,E2GI,2_um,30,0.149
08/02/2006,2006,2,8,E2GI,2_um,40,0.325
08/02/2006,2006,2,8,E2GI,2_um,50,0.121
08/02/2006,2006,2,8,E2GI,2_um,75,0.214
08/02/2006,2006,2,8,E2GI,2_um,100,0.16
08/02/2006,2006,2,8,E2GI,20_um,0,0.03
08/02/2006,2006,2,8,E2GI,20_um,10,0.05
08/02/2006,2006,2,8,E2GI,20_um,20,0.03
08/02/2006,2006,2,8,E2GI,20_um,30,0.049
08/02/2006,2006,2,8,E2GI,20_um,40,0.056
08/02/2006,2006,2,8,E2GI,20_um,50,0.038
08/02/2006,2006,2,8,E2GI,20_um,75,0.04
08/02/2006,2006,2,8,E2GI,20_um,100,0.042
15/03/2006,2006,3,15,E2GI,0.2_um,0,0.234
15/03/2006,2006,3,15,E2GI,0.2_um,10,0.19
15/03/2006,2006,3,15,E2GI,0.2_um,20,0.214
15/03/2006,2006,3,15,E2GI,0.2_um,30,0.1
15/03/2006,2006,3,15,E2GI,0.2_um,40,0.096
15/03/2006,2006,3,15,E2GI,0.2_um,50,0.117
15/03/2006,2006,3,15,E2GI,0.2_um,75,0.095
15/03/2006,2006,3,15,E2GI,0.2_um,100,0.112
15/03/2006,2006,3,15,E2GI,2_um,0,0.486
15/03/2006,2006,3,15,E2GI,2_um,10,0.548
15/03/2006,2006,3,15,E2GI,2_um,20,0.554
15/03/2006,2006,3,15,E2GI,2_um,30,0.316
15/03/2006,2006,3,15,E2GI,2_um,40,0.2
15/03/2006,2006,3,15,E2GI,2_um,50,0.228
15/03/2006,2006,3,15,E2GI,2_um,75,0.101
15/03/2006,2006,3,15,E2GI,2_um,100,0.242
15/03/2006,2006,3,15,E2GI,20_um,0,1.867
15/03/2006,2006,3,15,E2GI,20_um,10,3.383
15/03/2006,2006,3,15,E2GI,20_um,20,3.417
15/03/2006,2006,3,15,E2GI,20_um,30,0.82
15/03/2006,2006,3,15,E2GI,20_um,40,0.625
15/03/2006,2006,3,15,E2GI,20_um,50,0.414
15/03/2006,2006,3,15,E2GI,20_um,75,0.177
15/03/2006,2006,3,15,E2GI,20_um,100,0.188
11/04/2006,2006,4,11,E2GI,0.2_um,0,0.056
11/04/2006,2006,4,11,E2GI,0.2_um,10,0.054
11/04/2006,2006,4,11,E2GI,0.2_um,20,0.082
11/04/2006,2006,4,11,E2GI,0.2_um,30,0.064
11/04/2006,2006,4,11,E2GI,0.2_um,40,0.08
11/04/2006,2006,4,11,E2GI,0.2_um,50,0.044
11/04/2006,2006,4,11,E2GI,0.2_um,75,0.069
11/04/2006,2006,4,11,E2GI,0.2_um,100,0.067
11/04/2006,2006,4,11,E2GI,2_um,0,0.179
11/04/2006,2006,4,11,E2GI,2_um,10,0.205
11/04/2006,2006,4,11,E2GI,2_um,20,0.176
11/04/2006,2006,4,11,E2GI,2_um,30,0.242
11/04/2006,2006,4,11,E2GI,2_um,40,0.129
11/04/2006,2006,4,11,E2GI,2_um,50,0.126
11/04/2006,2006,4,11,E2GI,2_um,75,0.083
11/04/2006,2006,4,11,E2GI,2_um,100,0.101
11/04/2006,2006,4,11,E2GI,20_um,0,0.039
11/04/2006,2006,4,11,E2GI,20_um,10,0.052
11/04/2006,2006,4,11,E2GI,20_um,20,0.056
11/04/2006,2006,4,11,E2GI,20_um,30,0.044
11/04/2006,2006,4,11,E2GI,20_um,40,0.059
11/04/2006,2006,4,11,E2GI,20_um,50,0.055
11/04/2006,2006,4,11,E2GI,20_um,75,0.11
11/04/2006,2006,4,11,E2GI,20_um,100,0.133
11/05/2006,2006,5,11,E2GI,0.2_um,0,0.136
11/05/2006,2006,5,11,E2GI,0.2_um,10,0.462
11/05/2006,2006,5,11,E2GI,0.2_um,20,0.482
11/05/2006,2006,5,11,E2GI,0.2_um,30,0.49
11/05/2006,2006,5,11,E2GI,0.2_um,40,0.024
11/05/2006,2006,5,11,E2GI,0.2_um,50,0.284
11/05/2006,2006,5,11,E2GI,0.2_um,75,0.192
11/05/2006,2006,5,11,E2GI,0.2_um,100,0.131
11/05/2006,2006,5,11,E2GI,2_um,0,0.122
11/05/2006,2006,5,11,E2GI,2_um,10,0.13
11/05/2006,2006,5,11,E2GI,2_um,20,0.098
11/05/2006,2006,5,11,E2GI,2_um,30,0.06
11/05/2006,2006,5,11,E2GI,2_um,40,0.074
11/05/2006,2006,5,11,E2GI,2_um,50,0.095
11/05/2006,2006,5,11,E2GI,2_um,75,0.054
11/05/2006,2006,5,11,E2GI,2_um,100,0.073
11/05/2006,2006,5,11,E2GI,20_um,0,0.67
11/05/2006,2006,5,11,E2GI,20_um,10,1.243
11/05/2006,2006,5,11,E2GI,20_um,20,1.372
11/05/2006,2006,5,11,E2GI,20_um,30,0.447
11/05/2006,2006,5,11,E2GI,20_um,40,0.311
11/05/2006,2006,5,11,E2GI,20_um,50,0.293
11/05/2006,2006,5,11,E2GI,20_um,75,0.248
11/05/2006,2006,5,11,E2GI,20_um,100,0.16
05/06/2006,2006,6,5,E2GI,0.2_um,0,1.679
05/06/2006,2006,6,5,E2GI,0.2_um,10,0.982
05/06/2006,2006,6,5,E2GI,0.2_um,20,0.524
05/06/2006,2006,6,5,E2GI,0.2_um,30,0.597
05/06/2006,2006,6,5,E2GI,0.2_um,40,0.165
05/06/2006,2006,6,5,E2GI,0.2_um,50,0.051
05/06/2006,2006,6,5,E2GI,0.2_um,75,0.066
05/06/2006,2006,6,5,E2GI,0.2_um,100,0.005
05/06/2006,2006,6,5,E2GI,2_um,0,0.063
05/06/2006,2006,6,5,E2GI,2_um,10,1.282
05/06/2006,2006,6,5,E2GI,2_um,20,0.386
05/06/2006,2006,6,5,E2GI,2_um,30,0.972
05/06/2006,2006,6,5,E2GI,2_um,40,0.333
05/06/2006,2006,6,5,E2GI,2_um,50,0.127
05/06/2006,2006,6,5,E2GI,2_um,75,0.037
05/06/2006,2006,6,5,E2GI,2_um,100,0.039
05/06/2006,2006,6,5,E2GI,20_um,0,1.681
05/06/2006,2006,6,5,E2GI,20_um,10,1.976
05/06/2006,2006,6,5,E2GI,20_um,20,0.182
05/06/2006,2006,6,5,E2GI,20_um,30,1.039
05/06/2006,2006,6,5,E2GI,20_um,40,0.052
05/06/2006,2006,6,5,E2GI,20_um,50,0.065
05/06/2006,2006,6,5,E2GI,20_um,75,0.02
05/06/2006,2006,6,5,E2GI,20_um,100,0.038
15/07/2006,2006,7,15,E2GI,0.2_um,0,0.073
15/07/2006,2006,7,15,E2GI,0.2_um,10,0.053
15/07/2006,2006,7,15,E2GI,0.2_um,20,0.035
15/07/2006,2006,7,15,E2GI,0.2_um,30,0.159
15/07/2006,2006,7,15,E2GI,0.2_um,40,0.308
15/07/2006,2006,7,15,E2GI,0.2_um,50,0.235
15/07/2006,2006,7,15,E2GI,0.2_um,75,0.018
15/07/2006,2006,7,15,E2GI,0.2_um,100,0.073
15/07/2006,2006,7,15,E2GI,2_um,0,0.093
15/07/2006,2006,7,15,E2GI,2_um,10,0.04
15/07/2006,2006,7,15,E2GI,2_um,20,0.06
15/07/2006,2006,7,15,E2GI,2_um,30,0.231
15/07/2006,2006,7,15,E2GI,2_um,40,0.14
15/07/2006,2006,7,15,E2GI,2_um,50,0.145
15/07/2006,2006,7,15,E2GI,2_um,75,0.016
15/07/2006,2006,7,15,E2GI,2_um,100,0.074
15/07/2006,2006,7,15,E2GI,20_um,0,0.018
15/07/2006,2006,7,15,E2GI,20_um,10,0.015
15/07/2006,2006,7,15,E2GI,20_um,20,0.026
15/07/2006,2006,7,15,E2GI,20_um,30,0.063
15/07/2006,2006,7,15,E2GI,20_um,40,0.117
15/07/2006,2006,7,15,E2GI,20_um,50,0.09
15/07/2006,2006,7,15,E2GI,20_um,75,0.032
15/07/2006,2006,7,15,E2GI,20_um,100,0.018
08/08/2006,2006,8,8,E2GI,0.2_um,0,0.076
08/08/2006,2006,8,8,E2GI,0.2_um,10,0.064
08/08/2006,2006,8,8,E2GI,0.2_um,20,0.139
08/08/2006,2006,8,8,E2GI,0.2_um,30,0.604
08/08/2006,2006,8,8,E2GI,0.2_um,40,0.301
08/08/2006,2006,8,8,E2GI,0.2_um,50,0.198
08/08/2006,2006,8,8,E2GI,0.2_um,75,0.049
08/08/2006,2006,8,8,E2GI,0.2_um,100,0.023
08/08/2006,2006,8,8,E2GI,2_um,0,0.128
08/08/2006,2006,8,8,E2GI,2_um,10,0.132
08/08/2006,2006,8,8,E2GI,2_um,20,0.167
08/08/2006,2006,8,8,E2GI,2_um,30,0.403
08/08/2006,2006,8,8,E2GI,2_um,40,0.209
08/08/2006,2006,8,8,E2GI,2_um,50,0.2
08/08/2006,2006,8,8,E2GI,2_um,75,0.056
08/08/2006,2006,8,8,E2GI,2_um,100,0.046
08/08/2006,2006,8,8,E2GI,20_um,0,0.039
08/08/2006,2006,8,8,E2GI,20_um,10,0.045
08/08/2006,2006,8,8,E2GI,20_um,20,0.054
08/08/2006,2006,8,8,E2GI,20_um,30,0.244
08/08/2006,2006,8,8,E2GI,20_um,40,0.072
08/08/2006,2006,8,8,E2GI,20_um,50,0.054
08/08/2006,2006,8,8,E2GI,20_um,75,0.038
08/08/2006,2006,8,8,E2GI,20_um,100,0.034
07/09/2006,2006,9,7,E2GI,0.2_um,0,0.127
07/09/2006,2006,9,7,E2GI,0.2_um,10,0.186
07/09/2006,2006,9,7,E2GI,0.2_um,20,0.232
07/09/2006,2006,9,7,E2GI,0.2_um,30,0.304
07/09/2006,2006,9,7,E2GI,0.2_um,40,0.408
07/09/2006,2006,9,7,E2GI,0.2_um,50,0.295
07/09/2006,2006,9,7,E2GI,0.2_um,75,0.078
07/09/2006,2006,9,7,E2GI,0.2_um,100,0.036
07/09/2006,2006,9,7,E2GI,2_um,0,0.052
07/09/2006,2006,9,7,E2GI,2_um,10,0.053
07/09/2006,2006,9,7,E2GI,2_um,20,0.055
07/09/2006,2006,9,7,E2GI,2_um,30,0.284
07/09/2006,2006,9,7,E2GI,2_um,40,0.293
07/09/2006,2006,9,7,E2GI,2_um,50,0.105
07/09/2006,2006,9,7,E2GI,2_um,75,0.052
07/09/2006,2006,9,7,E2GI,2_um,100,0.029
07/09/2006,2006,9,7,E2GI,20_um,0,0.012
07/09/2006,2006,9,7,E2GI,20_um,10,0.015
07/09/2006,2006,9,7,E2GI,20_um,20,0.012
07/09/2006,2006,9,7,E2GI,20_um,30,0.056
07/09/2006,2006,9,7,E2GI,20_um,40,0.107
07/09/2006,2006,9,7,E2GI,20_um,50,0.017
07/09/2006,2006,9,7,E2GI,20_um,75,0.015
07/09/2006,2006,9,7,E2GI,20_um,100,0.008
16/10/2006,2006,10,16,E2GI,0.2_um,0,0.24
16/10/2006,2006,10,16,E2GI,0.2_um,10,0.254
16/10/2006,2006,10,16,E2GI,0.2_um,20,0.17
16/10/2006,2006,10,16,E2GI,0.2_um,30,0.266
16/10/2006,2006,10,16,E2GI,0.2_um,40,0.438
16/10/2006,2006,10,16,E2GI,0.2_um,50,0.206
16/10/2006,2006,10,16,E2GI,0.2_um,75,0.035
16/10/2006,2006,10,16,E2GI,0.2_um,100,0.053
16/10/2006,2006,10,16,E2GI,2_um,0,0.135
16/10/2006,2006,10,16,E2GI,2_um,10,0.127
16/10/2006,2006,10,16,E2GI,2_um,20,0.091
16/10/2006,2006,10,16,E2GI,2_um,30,0.16
16/10/2006,2006,10,16,E2GI,2_um,40,0.198
16/10/2006,2006,10,16,E2GI,2_um,50,0.112
16/10/2006,2006,10,16,E2GI,2_um,75,0.028
16/10/2006,2006,10,16,E2GI,2_um,100,0.034
16/10/2006,2006,10,16,E2GI,20_um,0,0.017
16/10/2006,2006,10,16,E2GI,20_um,10,0.018
16/10/2006,2006,10,16,E2GI,20_um,20,0.024
16/10/2006,2006,10,16,E2GI,20_um,30,0.016
16/10/2006,2006,10,16,E2GI,20_um,40,0.043
16/10/2006,2006,10,16,E2GI,20_um,50,0.033
16/10/2006,2006,10,16,E2GI,20_um,75,0.014
16/10/2006,2006,10,16,E2GI,20_um,100,0.021
16/11/2006,2006,11,16,E2GI,0.2_um,0,0.48
16/11/2006,2006,11,16,E2GI,0.2_um,10,0.699
16/11/2006,2006,11,16,E2GI,0.2_um,20,1.051
16/11/2006,2006,11,16,E2GI,0.2_um,30,0.725
16/11/2006,2006,11,16,E2GI,0.2_um,40,0.292
16/11/2006,2006,11,16,E2GI,0.2_um,50,0.301
16/11/2006,2006,11,16,E2GI,0.2_um,75,0.1
16/11/2006,2006,11,16,E2GI,0.2_um,100,0.072
16/11/2006,2006,11,16,E2GI,2_um,0,0.685
16/11/2006,2006,11,16,E2GI,2_um,10,0.636
16/11/2006,2006,11,16,E2GI,2_um,20,0.213
16/11/2006,2006,11,16,E2GI,2_um,30,0.501
16/11/2006,2006,11,16,E2GI,2_um,40,0.31
16/11/2006,2006,11,16,E2GI,2_um,50,0.056
16/11/2006,2006,11,16,E2GI,2_um,75,0.055
16/11/2006,2006,11,16,E2GI,2_um,100,0.063
16/11/2006,2006,11,16,E2GI,20_um,0,0.112
16/11/2006,2006,11,16,E2GI,20_um,10,0.104
16/11/2006,2006,11,16,E2GI,20_um,20,0.11
16/11/2006,2006,11,16,E2GI,20_um,30,0.101
16/11/2006,2006,11,16,E2GI,20_um,40,0.077
16/11/2006,2006,11,16,E2GI,20_um,50,0.037
16/11/2006,2006,11,16,E2GI,20_um,75,0.076
16/11/2006,2006,11,16,E2GI,20_um,100,0.019
15/12/2006,2006,12,15,E2GI,0.2_um,0,0.205
15/12/2006,2006,12,15,E2GI,0.2_um,10,0.268
15/12/2006,2006,12,15,E2GI,0.2_um,20,0.288
15/12/2006,2006,12,15,E2GI,0.2_um,30,0.127
15/12/2006,2006,12,15,E2GI,0.2_um,40,0.14
15/12/2006,2006,12,15,E2GI,0.2_um,50,0.072
15/12/2006,2006,12,15,E2GI,0.2_um,75,0.018
15/12/2006,2006,12,15,E2GI,0.2_um,100,0.054
15/12/2006,2006,12,15,E2GI,2_um,0,0.781
15/12/2006,2006,12,15,E2GI,2_um,10,0.499
15/12/2006,2006,12,15,E2GI,2_um,20,0.359
15/12/2006,2006,12,15,E2GI,2_um,30,0.284
15/12/2006,2006,12,15,E2GI,2_um,40,0.171
15/12/2006,2006,12,15,E2GI,2_um,50,0.111
15/12/2006,2006,12,15,E2GI,2_um,75,0.084
15/12/2006,2006,12,15,E2GI,2_um,100,0.018
15/12/2006,2006,12,15,E2GI,20_um,0,0.116
15/12/2006,2006,12,15,E2GI,20_um,10,0.08
15/12/2006,2006,12,15,E2GI,20_um,20,0.058
15/12/2006,2006,12,15,E2GI,20_um,30,0.056
15/12/2006,2006,12,15,E2GI,20_um,40,0.042
15/12/2006,2006,12,15,E2GI,20_um,50,0.038
15/12/2006,2006,12,15,E2GI,20_um,75,0.023
15/12/2006,2006,12,15,E2GI,20_um,100,0.013
15/01/2007,2007,1,15,E2GI,0.2_um,0,0.433
15/01/2007,2007,1,15,E2GI,0.2_um,10,0.213
15/01/2007,2007,1,15,E2GI,0.2_um,20,0.281
15/01/2007,2007,1,15,E2GI,0.2_um,30,0.212
15/01/2007,2007,1,15,E2GI,0.2_um,40,0.182
15/01/2007,2007,1,15,E2GI,0.2_um,50,0.069
15/01/2007,2007,1,15,E2GI,0.2_um,75,0.243
15/01/2007,2007,1,15,E2GI,0.2_um,100,0.202
15/01/2007,2007,1,15,E2GI,2_um,0,0.164
15/01/2007,2007,1,15,E2GI,2_um,10,0.295
15/01/2007,2007,1,15,E2GI,2_um,20,0.268
15/01/2007,2007,1,15,E2GI,2_um,30,0.264
15/01/2007,2007,1,15,E2GI,2_um,40,0.24
15/01/2007,2007,1,15,E2GI,2_um,50,0.151
15/01/2007,2007,1,15,E2GI,2_um,75,0.178
15/01/2007,2007,1,15,E2GI,2_um,100,0.227
15/01/2007,2007,1,15,E2GI,20_um,0,0.075
15/01/2007,2007,1,15,E2GI,20_um,10,0.034
15/01/2007,2007,1,15,E2GI,20_um,20,0.061
15/01/2007,2007,1,15,E2GI,20_um,30,0.07
15/01/2007,2007,1,15,E2GI,20_um,40,0.034
15/01/2007,2007,1,15,E2GI,20_um,50,0.038
15/01/2007,2007,1,15,E2GI,20_um,75,0.039
15/01/2007,2007,1,15,E2GI,20_um,100,0.062
13/02/2007,2007,2,13,E2GI,0.2_um,0,0.059
13/02/2007,2007,2,13,E2GI,0.2_um,10,0.114
13/02/2007,2007,2,13,E2GI,0.2_um,20,0.221
13/02/2007,2007,2,13,E2GI,0.2_um,30,0.232
13/02/2007,2007,2,13,E2GI,0.2_um,40,0.237
13/02/2007,2007,2,13,E2GI,0.2_um,50,0.026
13/02/2007,2007,2,13,E2GI,0.2_um,75,0.07
13/02/2007,2007,2,13,E2GI,0.2_um,100,0.183
13/02/2007,2007,2,13,E2GI,2_um,0,0.21
13/02/2007,2007,2,13,E2GI,2_um,10,0.223
13/02/2007,2007,2,13,E2GI,2_um,20,0.241
13/02/2007,2007,2,13,E2GI,2_um,30,0.154
13/02/2007,2007,2,13,E2GI,2_um,40,0.222
13/02/2007,2007,2,13,E2GI,2_um,50,0.193
13/02/2007,2007,2,13,E2GI,2_um,75,0.179
13/02/2007,2007,2,13,E2GI,2_um,100,0.236
13/02/2007,2007,2,13,E2GI,20_um,0,0.088
13/02/2007,2007,2,13,E2GI,20_um,10,0.098
13/02/2007,2007,2,13,E2GI,20_um,20,0.044
13/02/2007,2007,2,13,E2GI,20_um,30,0.077
13/02/2007,2007,2,13,E2GI,20_um,40,0.072
13/02/2007,2007,2,13,E2GI,20_um,50,0.04
13/02/2007,2007,2,13,E2GI,20_um,75,0.082
13/02/2007,2007,2,13,E2GI,20_um,100,0.032
14/03/2007,2007,3,14,E2GI,0.2_um,0,0.157
14/03/2007,2007,3,14,E2GI,0.2_um,10,0.261
14/03/2007,2007,3,14,E2GI,0.2_um,20,0.147
14/03/2007,2007,3,14,E2GI,0.2_um,30,0.289
14/03/2007,2007,3,14,E2GI,0.2_um,40,0.374
14/03/2007,2007,3,14,E2GI,0.2_um,50,0.172
14/03/2007,2007,3,14,E2GI,0.2_um,75,0.124
14/03/2007,2007,3,14,E2GI,0.2_um,100,0.088
14/03/2007,2007,3,14,E2GI,2_um,0,0.307
14/03/2007,2007,3,14,E2GI,2_um,10,0.53
14/03/2007,2007,3,14,E2GI,2_um,20,0.33
14/03/2007,2007,3,14,E2GI,2_um,30,0.489
14/03/2007,2007,3,14,E2GI,2_um,40,0.375
14/03/2007,2007,3,14,E2GI,2_um,50,0.291
14/03/2007,2007,3,14,E2GI,2_um,75,0.153
14/03/2007,2007,3,14,E2GI,2_um,100,0.143
14/03/2007,2007,3,14,E2GI,20_um,0,0.115
14/03/2007,2007,3,14,E2GI,20_um,10,0.097
14/03/2007,2007,3,14,E2GI,20_um,20,0.126
14/03/2007,2007,3,14,E2GI,20_um,30,0.122
14/03/2007,2007,3,14,E2GI,20_um,40,0.105
14/03/2007,2007,3,14,E2GI,20_um,50,0.164
14/03/2007,2007,3,14,E2GI,20_um,75,0.04
14/03/2007,2007,3,14,E2GI,20_um,100,0.055
24/04/2007,2007,4,24,E2GI,0.2_um,0,0.179
24/04/2007,2007,4,24,E2GI,0.2_um,10,0.348
24/04/2007,2007,4,24,E2GI,0.2_um,20,0.088
24/04/2007,2007,4,24,E2GI,0.2_um,30,0.042
24/04/2007,2007,4,24,E2GI,0.2_um,40,0.127
24/04/2007,2007,4,24,E2GI,0.2_um,50,0.148
24/04/2007,2007,4,24,E2GI,0.2_um,75,0.093
24/04/2007,2007,4,24,E2GI,0.2_um,100,0.026
24/04/2007,2007,4,24,E2GI,2_um,0,0.13
24/04/2007,2007,4,24,E2GI,2_um,10,0.054
24/04/2007,2007,4,24,E2GI,2_um,20,0.066
24/04/2007,2007,4,24,E2GI,2_um,30,0.735
24/04/2007,2007,4,24,E2GI,2_um,40,0.042
24/04/2007,2007,4,24,E2GI,2_um,50,0.016
24/04/2007,2007,4,24,E2GI,2_um,75,0.048
24/04/2007,2007,4,24,E2GI,2_um,100,0.007
24/04/2007,2007,4,24,E2GI,20_um,0,0.375
24/04/2007,2007,4,24,E2GI,20_um,10,0.485
24/04/2007,2007,4,24,E2GI,20_um,20,1.311
24/04/2007,2007,4,24,E2GI,20_um,30,0.059
24/04/2007,2007,4,24,E2GI,20_um,40,0.483
24/04/2007,2007,4,24,E2GI,20_um,50,0.11
24/04/2007,2007,4,24,E2GI,20_um,75,0.058
24/04/2007,2007,4,24,E2GI,20_um,100,0.111
18/05/2007,2007,5,18,E2GI,0.2_um,0,0.126
18/05/2007,2007,5,18,E2GI,0.2_um,10,0.176
18/05/2007,2007,5,18,E2GI,0.2_um,20,0.208
18/05/2007,2007,5,18,E2GI,0.2_um,30,0.232
18/05/2007,2007,5,18,E2GI,0.2_um,40,0.289
18/05/2007,2007,5,18,E2GI,0.2_um,50,0.173
18/05/2007,2007,5,18,E2GI,0.2_um,75,0.046
18/05/2007,2007,5,18,E2GI,0.2_um,100,0.065
18/05/2007,2007,5,18,E2GI,2_um,0,0.123
18/05/2007,2007,5,18,E2GI,2_um,10,0.191
18/05/2007,2007,5,18,E2GI,2_um,20,0.208
18/05/2007,2007,5,18,E2GI,2_um,30,0.307
18/05/2007,2007,5,18,E2GI,2_um,40,0.334
18/05/2007,2007,5,18,E2GI,2_um,50,0.446
18/05/2007,2007,5,18,E2GI,2_um,75,0.295
18/05/2007,2007,5,18,E2GI,2_um,100,0.133
18/05/2007,2007,5,18,E2GI,20_um,0,0.161
18/05/2007,2007,5,18,E2GI,20_um,10,0.029
18/05/2007,2007,5,18,E2GI,20_um,20,0.101
18/05/2007,2007,5,18,E2GI,20_um,30,0.109
18/05/2007,2007,5,18,E2GI,20_um,40,0.161
18/05/2007,2007,5,18,E2GI,20_um,50,0.24
18/05/2007,2007,5,18,E2GI,20_um,75,0.17
18/05/2007,2007,5,18,E2GI,20_um,100,0.104
12/06/2007,2007,6,12,E2GI,0.2_um,0,0.073
12/06/2007,2007,6,12,E2GI,0.2_um,10,0.07
12/06/2007,2007,6,12,E2GI,0.2_um,20,0.112
12/06/2007,2007,6,12,E2GI,0.2_um,30,0.071
12/06/2007,2007,6,12,E2GI,0.2_um,40,0.623
12/06/2007,2007,6,12,E2GI,0.2_um,50,0.23
12/06/2007,2007,6,12,E2GI,0.2_um,75,0.184
12/06/2007,2007,6,12,E2GI,0.2_um,100,0.091
12/06/2007,2007,6,12,E2GI,2_um,0,0.086
12/06/2007,2007,6,12,E2GI,2_um,10,0.016
12/06/2007,2007,6,12,E2GI,2_um,20,0.014
12/06/2007,2007,6,12,E2GI,2_um,30,0.095
12/06/2007,2007,6,12,E2GI,2_um,40,0.044
12/06/2007,2007,6,12,E2GI,2_um,50,0.276
12/06/2007,2007,6,12,E2GI,2_um,75,0.127
12/06/2007,2007,6,12,E2GI,2_um,100,0.048
12/06/2007,2007,6,12,E2GI,20_um,0,0.048
12/06/2007,2007,6,12,E2GI,20_um,10,0.025
12/06/2007,2007,6,12,E2GI,20_um,20,0.029
12/06/2007,2007,6,12,E2GI,20_um,30,0.032
12/06/2007,2007,6,12,E2GI,20_um,40,0.139
12/06/2007,2007,6,12,E2GI,20_um,50,0.145
12/06/2007,2007,6,12,E2GI,20_um,75,0.051
12/06/2007,2007,6,12,E2GI,20_um,100,0.093
12/07/2007,2007,7,12,E2GI,0.2_um,0,0.104
12/07/2007,2007,7,12,E2GI,0.2_um,10,0.108
12/07/2007,2007,7,12,E2GI,0.2_um,20,0.001
12/07/2007,2007,7,12,E2GI,0.2_um,30,0.299
12/07/2007,2007,7,12,E2GI,0.2_um,40,0.346
12/07/2007,2007,7,12,E2GI,0.2_um,50,0.174
12/07/2007,2007,7,12,E2GI,0.2_um,75,0.068
12/07/2007,2007,7,12,E2GI,0.2_um,100,0.035
12/07/2007,2007,7,12,E2GI,2_um,0,0.157
12/07/2007,2007,7,12,E2GI,2_um,10,0.088
12/07/2007,2007,7,12,E2GI,2_um,20,0.115
12/07/2007,2007,7,12,E2GI,2_um,30,0.194
12/07/2007,2007,7,12,E2GI,2_um,40,0.194
12/07/2007,2007,7,12,E2GI,2_um,50,0.154
12/07/2007,2007,7,12,E2GI,2_um,75,0.021
12/07/2007,2007,7,12,E2GI,2_um,100,0.043
12/07/2007,2007,7,12,E2GI,20_um,0,0.021
12/07/2007,2007,7,12,E2GI,20_um,10,0.048
12/07/2007,2007,7,12,E2GI,20_um,20,0.021
12/07/2007,2007,7,12,E2GI,20_um,30,0.764
12/07/2007,2007,7,12,E2GI,20_um,40,0.432
12/07/2007,2007,7,12,E2GI,20_um,50,0.21
12/07/2007,2007,7,12,E2GI,20_um,75,0.022
12/07/2007,2007,7,12,E2GI,20_um,100,0.05
07/08/2007,2007,8,7,E2GI,0.2_um,0,0.112
07/08/2007,2007,8,7,E2GI,0.2_um,10,0.128
07/08/2007,2007,8,7,E2GI,0.2_um,20,0.166
07/08/2007,2007,8,7,E2GI,0.2_um,30,0.192
07/08/2007,2007,8,7,E2GI,0.2_um,40,0.166
07/08/2007,2007,8,7,E2GI,0.2_um,50,0.258
07/08/2007,2007,8,7,E2GI,0.2_um,75,0.166
07/08/2007,2007,8,7,E2GI,0.2_um,100,0.013
07/08/2007,2007,8,7,E2GI,2_um,0,0.055
07/08/2007,2007,8,7,E2GI,2_um,10,0.049
07/08/2007,2007,8,7,E2GI,2_um,20,0.05
07/08/2007,2007,8,7,E2GI,2_um,30,0.123
07/08/2007,2007,8,7,E2GI,2_um,40,0.028
07/08/2007,2007,8,7,E2GI,2_um,50,0.156
07/08/2007,2007,8,7,E2GI,2_um,75,0.098
07/08/2007,2007,8,7,E2GI,2_um,100,0.023
07/08/2007,2007,8,7,E2GI,20_um,0,0.035
07/08/2007,2007,8,7,E2GI,20_um,10,0.049
07/08/2007,2007,8,7,E2GI,20_um,20,0.052
07/08/2007,2007,8,7,E2GI,20_um,30,0.047
07/08/2007,2007,8,7,E2GI,20_um,40,0.208
07/08/2007,2007,8,7,E2GI,20_um,50,0.052
07/08/2007,2007,8,7,E2GI,20_um,75,0.038
07/08/2007,2007,8,7,E2GI,20_um,100,0.018
15/09/2007,2007,9,15,E2GI,0.2_um,0,0.446
15/09/2007,2007,9,15,E2GI,0.2_um,10,0.083
15/09/2007,2007,9,15,E2GI,0.2_um,20,0.493
15/09/2007,2007,9,15,E2GI,0.2_um,30,0.319
15/09/2007,2007,9,15,E2GI,0.2_um,40,0.144
15/09/2007,2007,9,15,E2GI,0.2_um,50,0.477
15/09/2007,2007,9,15,E2GI,0.2_um,75,0.049
15/09/2007,2007,9,15,E2GI,0.2_um,100,0.08
15/09/2007,2007,9,15,E2GI,2_um,0,0.116
15/09/2007,2007,9,15,E2GI,2_um,10,0.173
15/09/2007,2007,9,15,E2GI,2_um,20,0.263
15/09/2007,2007,9,15,E2GI,2_um,30,0.108
15/09/2007,2007,9,15,E2GI,2_um,40,0.163
15/09/2007,2007,9,15,E2GI,2_um,50,0.159
15/09/2007,2007,9,15,E2GI,2_um,75,0.044
15/09/2007,2007,9,15,E2GI,2_um,100,0.153
15/09/2007,2007,9,15,E2GI,20_um,0,1.555
15/09/2007,2007,9,15,E2GI,20_um,10,1.306
15/09/2007,2007,9,15,E2GI,20_um,20,0.044
15/09/2007,2007,9,15,E2GI,20_um,30,0.034
15/09/2007,2007,9,15,E2GI,20_um,40,0.068
15/09/2007,2007,9,15,E2GI,20_um,50,0.06
15/09/2007,2007,9,15,E2GI,20_um,75,0.026
15/09/2007,2007,9,15,E2GI,20_um,100,0.045
15/10/2007,2007,10,15,E2GI,0.2_um,0,0.056
15/10/2007,2007,10,15,E2GI,0.2_um,10,1.703
15/10/2007,2007,10,15,E2GI,0.2_um,20,1.036
15/10/2007,2007,10,15,E2GI,0.2_um,30,0.828
15/10/2007,2007,10,15,E2GI,0.2_um,40,0.503
15/10/2007,2007,10,15,E2GI,0.2_um,50,0.238
15/10/2007,2007,10,15,E2GI,0.2_um,75,0.06
15/10/2007,2007,10,15,E2GI,0.2_um,100,0.047
15/10/2007,2007,10,15,E2GI,2_um,0,0.015
15/10/2007,2007,10,15,E2GI,2_um,10,0.234
15/10/2007,2007,10,15,E2GI,2_um,20,0.182
15/10/2007,2007,10,15,E2GI,2_um,30,0.302
15/10/2007,2007,10,15,E2GI,2_um,40,0.232
15/10/2007,2007,10,15,E2GI,2_um,50,0.127
15/10/2007,2007,10,15,E2GI,2_um,75,0.083
15/10/2007,2007,10,15,E2GI,2_um,100,0.07
15/10/2007,2007,10,15,E2GI,20_um,0,0.008
15/10/2007,2007,10,15,E2GI,20_um,10,0.059
15/10/2007,2007,10,15,E2GI,20_um,20,0.055
15/10/2007,2007,10,15,E2GI,20_um,30,0.043
15/10/2007,2007,10,15,E2GI,20_um,40,0.029
15/10/2007,2007,10,15,E2GI,20_um,50,0.029
15/10/2007,2007,10,15,E2GI,20_um,75,0.018
15/10/2007,2007,10,15,E2GI,20_um,100,0.021
15/11/2007,2007,11,15,E2GI,0.2_um,0,0.403
15/11/2007,2007,11,15,E2GI,0.2_um,10,0.452
15/11/2007,2007,11,15,E2GI,0.2_um,20,0.555
15/11/2007,2007,11,15,E2GI,0.2_um,30,0.225
15/11/2007,2007,11,15,E2GI,0.2_um,40,0.103
15/11/2007,2007,11,15,E2GI,0.2_um,50,0.09
15/11/2007,2007,11,15,E2GI,0.2_um,75,0.043
15/11/2007,2007,11,15,E2GI,0.2_um,100,0.029
15/11/2007,2007,11,15,E2GI,2_um,0,0.42
15/11/2007,2007,11,15,E2GI,2_um,10,0.572
15/11/2007,2007,11,15,E2GI,2_um,20,0.2
15/11/2007,2007,11,15,E2GI,2_um,30,0.159
15/11/2007,2007,11,15,E2GI,2_um,40,0.111
15/11/2007,2007,11,15,E2GI,2_um,50,0.005
15/11/2007,2007,11,15,E2GI,2_um,75,0.029
15/11/2007,2007,11,15,E2GI,2_um,100,0.039
15/11/2007,2007,11,15,E2GI,20_um,0,0.078
15/11/2007,2007,11,15,E2GI,20_um,10,0.068
15/11/2007,2007,11,15,E2GI,20_um,20,0.088
15/11/2007,2007,11,15,E2GI,20_um,30,0.093
15/11/2007,2007,11,15,E2GI,20_um,40,0.077
15/11/2007,2007,11,15,E2GI,20_um,50,0.03
15/11/2007,2007,11,15,E2GI,20_um,75,0.027
15/11/2007,2007,11,15,E2GI,20_um,100,0.029
15/12/2007,2007,12,15,E2GI,0.2_um,0,0.088
15/12/2007,2007,12,15,E2GI,0.2_um,10,0.103
15/12/2007,2007,12,15,E2GI,0.2_um,20,0.042
15/12/2007,2007,12,15,E2GI,0.2_um,30,0.389
15/12/2007,2007,12,15,E2GI,0.2_um,40,0.164
15/12/2007,2007,12,15,E2GI,0.2_um,50,0.055
15/12/2007,2007,12,15,E2GI,0.2_um,75,0.112
15/12/2007,2007,12,15,E2GI,0.2_um,100,0.085
15/12/2007,2007,12,15,E2GI,2_um,0,0.24
15/12/2007,2007,12,15,E2GI,2_um,10,0.261
15/12/2007,2007,12,15,E2GI,2_um,20,0.247
15/12/2007,2007,12,15,E2GI,2_um,30,0.017
15/12/2007,2007,12,15,E2GI,2_um,40,0.271
15/12/2007,2007,12,15,E2GI,2_um,50,0.227
15/12/2007,2007,12,15,E2GI,2_um,75,0.181
15/12/2007,2007,12,15,E2GI,2_um,100,0.106
15/12/2007,2007,12,15,E2GI,20_um,0,0.03
15/12/2007,2007,12,15,E2GI,20_um,10,0.046
15/12/2007,2007,12,15,E2GI,20_um,20,0.031
15/12/2007,2007,12,15,E2GI,20_um,30,0.027
15/12/2007,2007,12,15,E2GI,20_um,40,0.031
15/12/2007,2007,12,15,E2GI,20_um,50,0.039
15/12/2007,2007,12,15,E2GI,20_um,75,0.028
15/12/2007,2007,12,15,E2GI,20_um,100,0.03
15/01/2008,2008,1,15,E2GI,0.2_um,0,0.437
15/01/2008,2008,1,15,E2GI,0.2_um,10,0.336
15/01/2008,2008,1,15,E2GI,0.2_um,20,0.049
15/01/2008,2008,1,15,E2GI,0.2_um,30,0.213
15/01/2008,2008,1,15,E2GI,0.2_um,40,0.254
15/01/2008,2008,1,15,E2GI,0.2_um,50,0.221
15/01/2008,2008,1,15,E2GI,0.2_um,75,0.087
15/01/2008,2008,1,15,E2GI,0.2_um,100,0.128
15/01/2008,2008,1,15,E2GI,2_um,0,0.217
15/01/2008,2008,1,15,E2GI,2_um,10,0.312
15/01/2008,2008,1,15,E2GI,2_um,20,0.252
15/01/2008,2008,1,15,E2GI,2_um,30,0.144
15/01/2008,2008,1,15,E2GI,2_um,40,0.181
15/01/2008,2008,1,15,E2GI,2_um,50,0.181
15/01/2008,2008,1,15,E2GI,2_um,75,0.109
15/01/2008,2008,1,15,E2GI,2_um,100,0.128
15/01/2008,2008,1,15,E2GI,20_um,0,0.043
15/01/2008,2008,1,15,E2GI,20_um,10,0.03
15/01/2008,2008,1,15,E2GI,20_um,20,0.051
15/01/2008,2008,1,15,E2GI,20_um,30,0.038
15/01/2008,2008,1,15,E2GI,20_um,40,0.039
15/01/2008,2008,1,15,E2GI,20_um,50,0.044
15/01/2008,2008,1,15,E2GI,20_um,75,0.028
15/01/2008,2008,1,15,E2GI,20_um,100,0.043
15/02/2008,2008,2,15,E2GI,0.2_um,0,0.274
15/02/2008,2008,2,15,E2GI,0.2_um,10,0.246
15/02/2008,2008,2,15,E2GI,0.2_um,20,0.093
15/02/2008,2008,2,15,E2GI,0.2_um,30,0.281
15/02/2008,2008,2,15,E2GI,0.2_um,40,0.136
15/02/2008,2008,2,15,E2GI,0.2_um,50,0.087
15/02/2008,2008,2,15,E2GI,0.2_um,75,0.17
15/02/2008,2008,2,15,E2GI,0.2_um,100,0.227
15/02/2008,2008,2,15,E2GI,2_um,0,0.237
15/02/2008,2008,2,15,E2GI,2_um,10,0.106
15/02/2008,2008,2,15,E2GI,2_um,20,0.437
15/02/2008,2008,2,15,E2GI,2_um,30,0.171
15/02/2008,2008,2,15,E2GI,2_um,40,0.124
15/02/2008,2008,2,15,E2GI,2_um,50,0.131
15/02/2008,2008,2,15,E2GI,2_um,75,0.083
15/02/2008,2008,2,15,E2GI,2_um,100,0.03
15/02/2008,2008,2,15,E2GI,20_um,0,1.096
15/02/2008,2008,2,15,E2GI,20_um,10,1.118
15/02/2008,2008,2,15,E2GI,20_um,20,0.882
15/02/2008,2008,2,15,E2GI,20_um,30,0.681
15/02/2008,2008,2,15,E2GI,20_um,40,0.486
15/02/2008,2008,2,15,E2GI,20_um,50,0.522
15/02/2008,2008,2,15,E2GI,20_um,75,0.385
15/02/2008,2008,2,15,E2GI,20_um,100,0.492
15/03/2008,2008,3,15,E2GI,0.2_um,0,0.248
15/03/2008,2008,3,15,E2GI,0.2_um,10,0.018
15/03/2008,2008,3,15,E2GI,0.2_um,20,0.124
15/03/2008,2008,3,15,E2GI,0.2_um,30,0.09
15/03/2008,2008,3,15,E2GI,0.2_um,40,0.112
15/03/2008,2008,3,15,E2GI,0.2_um,50,0.087
15/03/2008,2008,3,15,E2GI,0.2_um,75,0.083
15/03/2008,2008,3,15,E2GI,0.2_um,100,0.078
15/03/2008,2008,3,15,E2GI,2_um,0,0.296
15/03/2008,2008,3,15,E2GI,2_um,10,0.493
15/03/2008,2008,3,15,E2GI,2_um,20,0.22
15/03/2008,2008,3,15,E2GI,2_um,30,0.191
15/03/2008,2008,3,15,E2GI,2_um,40,0.175
15/03/2008,2008,3,15,E2GI,2_um,50,0.177
15/03/2008,2008,3,15,E2GI,2_um,75,0.197
15/03/2008,2008,3,15,E2GI,2_um,100,0.217
15/03/2008,2008,3,15,E2GI,20_um,0,0.16
15/03/2008,2008,3,15,E2GI,20_um,10,0.187
15/03/2008,2008,3,15,E2GI,20_um,20,0.212
15/03/2008,2008,3,15,E2GI,20_um,30,0.278
15/03/2008,2008,3,15,E2GI,20_um,40,0.232
15/03/2008,2008,3,15,E2GI,20_um,50,0.19
15/03/2008,2008,3,15,E2GI,20_um,75,0.248
15/03/2008,2008,3,15,E2GI,20_um,100,0.3
15/04/2008,2008,4,15,E2GI,0.2_um,0,0.285
15/04/2008,2008,4,15,E2GI,0.2_um,10,0.36
15/04/2008,2008,4,15,E2GI,0.2_um,20,0.27
15/04/2008,2008,4,15,E2GI,0.2_um,30,0.851
15/04/2008,2008,4,15,E2GI,0.2_um,40,0.377
15/04/2008,2008,4,15,E2GI,0.2_um,50,0.142
15/04/2008,2008,4,15,E2GI,0.2_um,75,0.255
15/04/2008,2008,4,15,E2GI,0.2_um,100,0.161
15/04/2008,2008,4,15,E2GI,2_um,0,0.822
15/04/2008,2008,4,15,E2GI,2_um,10,0.866
15/04/2008,2008,4,15,E2GI,2_um,20,0.569
15/04/2008,2008,4,15,E2GI,2_um,30,0.223
15/04/2008,2008,4,15,E2GI,2_um,40,0.402
15/04/2008,2008,4,15,E2GI,2_um,50,0.463
15/04/2008,2008,4,15,E2GI,2_um,75,0.499
15/04/2008,2008,4,15,E2GI,2_um,100,0.32
15/04/2008,2008,4,15,E2GI,20_um,0,0.945
15/04/2008,2008,4,15,E2GI,20_um,10,1.005
15/04/2008,2008,4,15,E2GI,20_um,20,0.795
15/04/2008,2008,4,15,E2GI,20_um,30,0.528
15/04/2008,2008,4,15,E2GI,20_um,40,0.371
15/04/2008,2008,4,15,E2GI,20_um,50,0.29
15/04/2008,2008,4,15,E2GI,20_um,75,0.202
15/04/2008,2008,4,15,E2GI,20_um,100,0.133
10/06/2008,2008,6,10,E2GI,0.2_um,0,0.055
10/06/2008,2008,6,10,E2GI,0.2_um,10,0.054
10/06/2008,2008,6,10,E2GI,0.2_um,20,0.062
10/06/2008,2008,6,10,E2GI,0.2_um,30,0.069
10/06/2008,2008,6,10,E2GI,0.2_um,40,0.088
10/06/2008,2008,6,10,E2GI,0.2_um,50,0.072
10/06/2008,2008,6,10,E2GI,0.2_um,75,0.045
10/06/2008,2008,6,10,E2GI,0.2_um,100,0.016
10/06/2008,2008,6,10,E2GI,2_um,0,0.056
10/06/2008,2008,6,10,E2GI,2_um,10,0.049
10/06/2008,2008,6,10,E2GI,2_um,20,0.068
10/06/2008,2008,6,10,E2GI,2_um,30,0.086
10/06/2008,2008,6,10,E2GI,2_um,40,0.105
10/06/2008,2008,6,10,E2GI,2_um,50,0.142
10/06/2008,2008,6,10,E2GI,2_um,75,0.13
10/06/2008,2008,6,10,E2GI,2_um,100,0.026
10/06/2008,2008,6,10,E2GI,20_um,0,0.039
10/06/2008,2008,6,10,E2GI,20_um,10,0.028
10/06/2008,2008,6,10,E2GI,20_um,20,0.038
10/06/2008,2008,6,10,E2GI,20_um,30,0.029
10/06/2008,2008,6,10,E2GI,20_um,40,0.104
10/06/2008,2008,6,10,E2GI,20_um,50,0.028
10/06/2008,2008,6,10,E2GI,20_um,75,0.061
10/06/2008,2008,6,10,E2GI,20_um,100,0.022
09/07/2008,2008,7,9,E2GI,0.2_um,0,0.054
09/07/2008,2008,7,9,E2GI,0.2_um,10,0.038
09/07/2008,2008,7,9,E2GI,0.2_um,20,0.098
09/07/2008,2008,7,9,E2GI,0.2_um,30,0.134
09/07/2008,2008,7,9,E2GI,0.2_um,40,0.084
09/07/2008,2008,7,9,E2GI,0.2_um,50,0.07
09/07/2008,2008,7,9,E2GI,0.2_um,75,0.051
09/07/2008,2008,7,9,E2GI,0.2_um,100,0.026
09/07/2008,2008,7,9,E2GI,2_um,0,0.051
09/07/2008,2008,7,9,E2GI,2_um,10,0.049
09/07/2008,2008,7,9,E2GI,2_um,20,0.062
09/07/2008,2008,7,9,E2GI,2_um,30,0.116
09/07/2008,2008,7,9,E2GI,2_um,40,0.163
09/07/2008,2008,7,9,E2GI,2_um,50,0.08
09/07/2008,2008,7,9,E2GI,2_um,75,0.125
09/07/2008,2008,7,9,E2GI,2_um,100,0.08
09/07/2008,2008,7,9,E2GI,20_um,0,0.06
09/07/2008,2008,7,9,E2GI,20_um,10,0.047
09/07/2008,2008,7,9,E2GI,20_um,20,0.088
09/07/2008,2008,7,9,E2GI,20_um,30,0.247
09/07/2008,2008,7,9,E2GI,20_um,40,0.338
09/07/2008,2008,7,9,E2GI,20_um,50,0.155
09/07/2008,2008,7,9,E2GI,20_um,75,0.288
09/07/2008,2008,7,9,E2GI,20_um,100,0.179
09/07/2008,2008,7,9,E2GI,GFF,0,0.105
09/07/2008,2008,7,9,E2GI,GFF,10,0.121
09/07/2008,2008,7,9,E2GI,GFF,20,0.264
09/07/2008,2008,7,9,E2GI,GFF,30,0.5
09/07/2008,2008,7,9,E2GI,GFF,40,0.683
09/07/2008,2008,7,9,E2GI,GFF,50,0.425
09/07/2008,2008,7,9,E2GI,GFF,75,0.522
09/07/2008,2008,7,9,E2GI,GFF,100,0.288
06/08/2008,2008,8,6,E2GI,0.2_um,0,0.004
06/08/2008,2008,8,6,E2GI,0.2_um,10,0.035
06/08/2008,2008,8,6,E2GI,0.2_um,20,0.024
06/08/2008,2008,8,6,E2GI,0.2_um,30,0.101
06/08/2008,2008,8,6,E2GI,0.2_um,40,0.047
06/08/2008,2008,8,6,E2GI,0.2_um,50,0.131
06/08/2008,2008,8,6,E2GI,0.2_um,75,0.185
06/08/2008,2008,8,6,E2GI,0.2_um,100,0.016
06/08/2008,2008,8,6,E2GI,2_um,0,0.035
06/08/2008,2008,8,6,E2GI,2_um,10,0.035
06/08/2008,2008,8,6,E2GI,2_um,20,0.06
06/08/2008,2008,8,6,E2GI,2_um,30,0.036
06/08/2008,2008,8,6,E2GI,2_um,40,0.128
06/08/2008,2008,8,6,E2GI,2_um,50,0.152
06/08/2008,2008,8,6,E2GI,2_um,75,0.098
06/08/2008,2008,8,6,E2GI,2_um,100,0.016
06/08/2008,2008,8,6,E2GI,20_um,0,0.01
06/08/2008,2008,8,6,E2GI,20_um,10,0.014
06/08/2008,2008,8,6,E2GI,20_um,20,0.013
06/08/2008,2008,8,6,E2GI,20_um,30,0.009
06/08/2008,2008,8,6,E2GI,20_um,40,0.021
06/08/2008,2008,8,6,E2GI,20_um,50,0.03
06/08/2008,2008,8,6,E2GI,20_um,75,0.032
06/08/2008,2008,8,6,E2GI,20_um,100,0.034
06/08/2008,2008,8,6,E2GI,GFF,0,0.085
06/08/2008,2008,8,6,E2GI,GFF,10,0.088
06/08/2008,2008,8,6,E2GI,GFF,20,0.104
06/08/2008,2008,8,6,E2GI,GFF,30,0.184
06/08/2008,2008,8,6,E2GI,GFF,40,0.251
06/08/2008,2008,8,6,E2GI,GFF,50,0.409
06/08/2008,2008,8,6,E2GI,GFF,75,0.347
06/08/2008,2008,8,6,E2GI,GFF,100,0.054
17/09/2008,2008,9,17,E2GI,0.2_um,0,0.141
17/09/2008,2008,9,17,E2GI,0.2_um,10,0.319
17/09/2008,2008,9,17,E2GI,0.2_um,20,0.111
17/09/2008,2008,9,17,E2GI,0.2_um,30,0.447
17/09/2008,2008,9,17,E2GI,0.2_um,40,0.504
17/09/2008,2008,9,17,E2GI,0.2_um,50,0.249
17/09/2008,2008,9,17,E2GI,0.2_um,75,0.08
17/09/2008,2008,9,17,E2GI,0.2_um,100,0.03
17/09/2008,2008,9,17,E2GI,2_um,0,0.037
17/09/2008,2008,9,17,E2GI,2_um,10,0.059
17/09/2008,2008,9,17,E2GI,2_um,20,0.093
17/09/2008,2008,9,17,E2GI,2_um,30,0.221
17/09/2008,2008,9,17,E2GI,2_um,40,0.224
17/09/2008,2008,9,17,E2GI,2_um,50,0.226
17/09/2008,2008,9,17,E2GI,2_um,75,0.052
17/09/2008,2008,9,17,E2GI,2_um,100,0.03
17/09/2008,2008,9,17,E2GI,20_um,0,0.022
17/09/2008,2008,9,17,E2GI,20_um,10,0.039
17/09/2008,2008,9,17,E2GI,20_um,20,0.055
17/09/2008,2008,9,17,E2GI,20_um,30,0.034
17/09/2008,2008,9,17,E2GI,20_um,40,0.059
17/09/2008,2008,9,17,E2GI,20_um,50,0.02
17/09/2008,2008,9,17,E2GI,20_um,75,0.042
17/09/2008,2008,9,17,E2GI,20_um,100,0.02
17/09/2008,2008,9,17,E2GI,GFF,0,0.365
17/09/2008,2008,9,17,E2GI,GFF,10,0.422
17/09/2008,2008,9,17,E2GI,GFF,20,0.612
17/09/2008,2008,9,17,E2GI,GFF,30,0.651
17/09/2008,2008,9,17,E2GI,GFF,40,0.696
17/09/2008,2008,9,17,E2GI,GFF,50,0.512
17/09/2008,2008,9,17,E2GI,GFF,75,0.142
17/09/2008,2008,9,17,E2GI,GFF,100,0.051
15/10/2008,2008,10,15,E2GI,0.2_um,0,0.303
15/10/2008,2008,10,15,E2GI,0.2_um,10,0.218
15/10/2008,2008,10,15,E2GI,0.2_um,20,0.308
15/10/2008,2008,10,15,E2GI,0.2_um,30,0.397
15/10/2008,2008,10,15,E2GI,0.2_um,40,0.28
15/10/2008,2008,10,15,E2GI,0.2_um,50,0.286
15/10/2008,2008,10,15,E2GI,0.2_um,75,0.095
15/10/2008,2008,10,15,E2GI,0.2_um,100,0.052
15/10/2008,2008,10,15,E2GI,2_um,0,0.088
15/10/2008,2008,10,15,E2GI,2_um,10,0.091
15/10/2008,2008,10,15,E2GI,2_um,20,0.098
15/10/2008,2008,10,15,E2GI,2_um,30,0.316
15/10/2008,2008,10,15,E2GI,2_um,40,0.222
15/10/2008,2008,10,15,E2GI,2_um,50,0.152
15/10/2008,2008,10,15,E2GI,2_um,75,0.066
15/10/2008,2008,10,15,E2GI,2_um,100,0.08
15/10/2008,2008,10,15,E2GI,20_um,0,0.021
15/10/2008,2008,10,15,E2GI,20_um,10,0.023
15/10/2008,2008,10,15,E2GI,20_um,20,0.031
15/10/2008,2008,10,15,E2GI,20_um,30,0.095
15/10/2008,2008,10,15,E2GI,20_um,40,0.083
15/10/2008,2008,10,15,E2GI,20_um,50,0.074
15/10/2008,2008,10,15,E2GI,20_um,75,0.032
15/10/2008,2008,10,15,E2GI,20_um,100,0.063
15/10/2008,2008,10,15,E2GI,GFF,0,0.242
15/10/2008,2008,10,15,E2GI,GFF,10,0.216
15/10/2008,2008,10,15,E2GI,GFF,20,0.179
15/10/2008,2008,10,15,E2GI,GFF,30,0.561
15/10/2008,2008,10,15,E2GI,GFF,40,0.488
15/10/2008,2008,10,15,E2GI,GFF,50,0.337
15/10/2008,2008,10,15,E2GI,GFF,75,0.125
15/10/2008,2008,10,15,E2GI,GFF,100,0.094
15/01/2009,2009,1,15,E2GI,0.2_um,0,0.19
15/01/2009,2009,1,15,E2GI,0.2_um,10,0.236
15/01/2009,2009,1,15,E2GI,0.2_um,20,0.203
15/01/2009,2009,1,15,E2GI,0.2_um,30,0.234
15/01/2009,2009,1,15,E2GI,0.2_um,40,0.198
15/01/2009,2009,1,15,E2GI,0.2_um,50,0.123
15/01/2009,2009,1,15,E2GI,0.2_um,75,0.062
15/01/2009,2009,1,15,E2GI,0.2_um,100,0.066
15/01/2009,2009,1,15,E2GI,2_um,0,0.222
15/01/2009,2009,1,15,E2GI,2_um,10,0.191
15/01/2009,2009,1,15,E2GI,2_um,20,0.216
15/01/2009,2009,1,15,E2GI,2_um,30,0.23
15/01/2009,2009,1,15,E2GI,2_um,40,0.17
15/01/2009,2009,1,15,E2GI,2_um,50,0.269
15/01/2009,2009,1,15,E2GI,2_um,75,0.081
15/01/2009,2009,1,15,E2GI,2_um,100,0.174
15/01/2009,2009,1,15,E2GI,20_um,0,0.158
15/01/2009,2009,1,15,E2GI,20_um,10,0.232
15/01/2009,2009,1,15,E2GI,20_um,20,0.178
15/01/2009,2009,1,15,E2GI,20_um,30,0.248
15/01/2009,2009,1,15,E2GI,20_um,40,0.193
15/01/2009,2009,1,15,E2GI,20_um,50,0.092
15/01/2009,2009,1,15,E2GI,20_um,75,0.088
15/01/2009,2009,1,15,E2GI,20_um,100,0.118
15/01/2009,2009,1,15,E2GI,GFF,0,0.445
15/01/2009,2009,1,15,E2GI,GFF,10,0.885
15/01/2009,2009,1,15,E2GI,GFF,20,0.472
15/01/2009,2009,1,15,E2GI,GFF,30,0.468
15/01/2009,2009,1,15,E2GI,GFF,40,0.442
15/01/2009,2009,1,15,E2GI,GFF,50,0.266
15/01/2009,2009,1,15,E2GI,GFF,75,0.104
15/01/2009,2009,1,15,E2GI,GFF,100,0.143
13/02/2009,2009,2,13,E2GI,0.2_um,0,0.345
13/02/2009,2009,2,13,E2GI,0.2_um,10,0.074
13/02/2009,2009,2,13,E2GI,0.2_um,20,0.161
13/02/2009,2009,2,13,E2GI,0.2_um,30,0.067
13/02/2009,2009,2,13,E2GI,0.2_um,40,0.13
13/02/2009,2009,2,13,E2GI,0.2_um,50,0.115
13/02/2009,2009,2,13,E2GI,0.2_um,75,0.154
13/02/2009,2009,2,13,E2GI,0.2_um,100,0.125
13/02/2009,2009,2,13,E2GI,2_um,0,0.484
13/02/2009,2009,2,13,E2GI,2_um,10,0.234
13/02/2009,2009,2,13,E2GI,2_um,20,0.272
13/02/2009,2009,2,13,E2GI,2_um,30,0.204
13/02/2009,2009,2,13,E2GI,2_um,40,0.204
13/02/2009,2009,2,13,E2GI,2_um,50,0.214
13/02/2009,2009,2,13,E2GI,2_um,75,0.183
13/02/2009,2009,2,13,E2GI,2_um,100,0.162
13/02/2009,2009,2,13,E2GI,20_um,0,0.2
13/02/2009,2009,2,13,E2GI,20_um,10,0.297
13/02/2009,2009,2,13,E2GI,20_um,20,0.272
13/02/2009,2009,2,13,E2GI,20_um,30,0.17
13/02/2009,2009,2,13,E2GI,20_um,40,0.289
13/02/2009,2009,2,13,E2GI,20_um,50,0.081
13/02/2009,2009,2,13,E2GI,20_um,75,0.171
13/02/2009,2009,2,13,E2GI,20_um,100,0.059
13/02/2009,2009,2,13,E2GI,GFF,0,0.971
13/02/2009,2009,2,13,E2GI,GFF,10,0.935
13/02/2009,2009,2,13,E2GI,GFF,20,0.612
13/02/2009,2009,2,13,E2GI,GFF,30,0.694
13/02/2009,2009,2,13,E2GI,GFF,40,0.57
13/02/2009,2009,2,13,E2GI,GFF,50,0.565
13/02/2009,2009,2,13,E2GI,GFF,75,0.466
13/02/2009,2009,2,13,E2GI,GFF,100,0.386
15/03/2009,2009,3,15,E2GI,0.2_um,0,0.442
15/03/2009,2009,3,15,E2GI,0.2_um,10,0.539
15/03/2009,2009,3,15,E2GI,0.2_um,20,0.667
15/03/2009,2009,3,15,E2GI,0.2_um,30,0.332
15/03/2009,2009,3,15,E2GI,0.2_um,40,0.512
15/03/2009,2009,3,15,E2GI,0.2_um,50,0.451
15/03/2009,2009,3,15,E2GI,0.2_um,75,0.11
15/03/2009,2009,3,15,E2GI,0.2_um,100,0.061
15/03/2009,2009,3,15,E2GI,2_um,0,0.325
15/03/2009,2009,3,15,E2GI,2_um,10,0.543
15/03/2009,2009,3,15,E2GI,2_um,20,0.321
15/03/2009,2009,3,15,E2GI,2_um,30,0.61
15/03/2009,2009,3,15,E2GI,2_um,40,0.217
15/03/2009,2009,3,15,E2GI,2_um,50,0.245
15/03/2009,2009,3,15,E2GI,2_um,75,0.095
15/03/2009,2009,3,15,E2GI,2_um,100,0.109
15/03/2009,2009,3,15,E2GI,20_um,0,0.139
15/03/2009,2009,3,15,E2GI,20_um,10,0.113
15/03/2009,2009,3,15,E2GI,20_um,20,0.135
15/03/2009,2009,3,15,E2GI,20_um,30,0.12
15/03/2009,2009,3,15,E2GI,20_um,40,0.074
15/03/2009,2009,3,15,E2GI,20_um,50,0.118
15/03/2009,2009,3,15,E2GI,20_um,75,0.06
15/03/2009,2009,3,15,E2GI,20_um,100,0.067
15/03/2009,2009,3,15,E2GI,GFF,0,1.386
15/03/2009,2009,3,15,E2GI,GFF,10,1.488
15/03/2009,2009,3,15,E2GI,GFF,20,1.697
15/03/2009,2009,3,15,E2GI,GFF,30,1.5
15/03/2009,2009,3,15,E2GI,GFF,40,1.201
15/03/2009,2009,3,15,E2GI,GFF,50,0.934
15/03/2009,2009,3,15,E2GI,GFF,75,0.285
15/03/2009,2009,3,15,E2GI,GFF,100,0.19
15/04/2009,2009,4,15,E2GI,0.2_um,0,0.545
15/04/2009,2009,4,15,E2GI,0.2_um,10,0.458
15/04/2009,2009,4,15,E2GI,0.2_um,20,0.321
15/04/2009,2009,4,15,E2GI,0.2_um,30,0.234
15/04/2009,2009,4,15,E2GI,0.2_um,40,0.147
15/04/2009,2009,4,15,E2GI,0.2_um,50,0.134
15/04/2009,2009,4,15,E2GI,0.2_um,75,0.069
15/04/2009,2009,4,15,E2GI,0.2_um,100,0.126
15/04/2009,2009,4,15,E2GI,2_um,0,0.978
15/04/2009,2009,4,15,E2GI,2_um,10,0.842
15/04/2009,2009,4,15,E2GI,2_um,20,0.91
15/04/2009,2009,4,15,E2GI,2_um,30,0.83
15/04/2009,2009,4,15,E2GI,2_um,40,0.37
15/04/2009,2009,4,15,E2GI,2_um,50,0.175
15/04/2009,2009,4,15,E2GI,2_um,75,0.191
15/04/2009,2009,4,15,E2GI,2_um,100,0.144
15/04/2009,2009,4,15,E2GI,20_um,0,0.336
15/04/2009,2009,4,15,E2GI,20_um,10,0.276
15/04/2009,2009,4,15,E2GI,20_um,20,0.408
15/04/2009,2009,4,15,E2GI,20_um,30,0.362
15/04/2009,2009,4,15,E2GI,20_um,40,0.375
15/04/2009,2009,4,15,E2GI,20_um,50,0.366
15/04/2009,2009,4,15,E2GI,20_um,75,0.065
15/04/2009,2009,4,15,E2GI,20_um,100,0.064
15/04/2009,2009,4,15,E2GI,GFF,0,2.098
15/04/2009,2009,4,15,E2GI,GFF,10,2.29
15/04/2009,2009,4,15,E2GI,GFF,20,1.972
15/04/2009,2009,4,15,E2GI,GFF,30,1.595
15/04/2009,2009,4,15,E2GI,GFF,40,1.143
15/04/2009,2009,4,15,E2GI,GFF,50,0.712
15/04/2009,2009,4,15,E2GI,GFF,75,0.286
15/04/2009,2009,4,15,E2GI,GFF,100,0.279
06/05/2009,2009,5,6,E2GI,0.2_um,0,0.173
06/05/2009,2009,5,6,E2GI,0.2_um,10,0.214
06/05/2009,2009,5,6,E2GI,0.2_um,20,0.284
06/05/2009,2009,5,6,E2GI,0.2_um,30,0.495
06/05/2009,2009,5,6,E2GI,0.2_um,40,0.265
06/05/2009,2009,5,6,E2GI,0.2_um,50,0.256
06/05/2009,2009,5,6,E2GI,0.2_um,75,0.05
06/05/2009,2009,5,6,E2GI,0.2_um,100,0.031
06/05/2009,2009,5,6,E2GI,2_um,0,0.15
06/05/2009,2009,5,6,E2GI,2_um,10,0.17
06/05/2009,2009,5,6,E2GI,2_um,20,0.256
06/05/2009,2009,5,6,E2GI,2_um,30,0.545
06/05/2009,2009,5,6,E2GI,2_um,40,0.287
06/05/2009,2009,5,6,E2GI,2_um,50,0.164
06/05/2009,2009,5,6,E2GI,2_um,75,0.08
06/05/2009,2009,5,6,E2GI,2_um,100,0.032
06/05/2009,2009,5,6,E2GI,20_um,0,0.059
06/05/2009,2009,5,6,E2GI,20_um,10,0.057
06/05/2009,2009,5,6,E2GI,20_um,20,0.151
06/05/2009,2009,5,6,E2GI,20_um,30,0.142
06/05/2009,2009,5,6,E2GI,20_um,40,0.127
06/05/2009,2009,5,6,E2GI,20_um,50,0.144
06/05/2009,2009,5,6,E2GI,20_um,75,0.036
06/05/2009,2009,5,6,E2GI,20_um,100,0.028
06/05/2009,2009,5,6,E2GI,GFF,0,0.546
06/05/2009,2009,5,6,E2GI,GFF,10,0.526
06/05/2009,2009,5,6,E2GI,GFF,20,0.87
06/05/2009,2009,5,6,E2GI,GFF,30,1.337
06/05/2009,2009,5,6,E2GI,GFF,40,1.011
06/05/2009,2009,5,6,E2GI,GFF,50,0.644
06/05/2009,2009,5,6,E2GI,GFF,75,0.165
06/05/2009,2009,5,6,E2GI,GFF,100,0.064
15/06/2009,2009,6,15,E2GI,0.2_um,0,0.042
15/06/2009,2009,6,15,E2GI,0.2_um,10,0.062
15/06/2009,2009,6,15,E2GI,0.2_um,20,0.052
15/06/2009,2009,6,15,E2GI,0.2_um,50,0.042
15/06/2009,2009,6,15,E2GI,0.2_um,75,0.044
15/06/2009,2009,6,15,E2GI,0.2_um,100,0.237
15/06/2009,2009,6,15,E2GI,2_um,0,0.051
15/06/2009,2009,6,15,E2GI,2_um,10,0.023
15/06/2009,2009,6,15,E2GI,2_um,20,0.055
15/06/2009,2009,6,15,E2GI,2_um,30,0.136
15/06/2009,2009,6,15,E2GI,2_um,40,0.324
15/06/2009,2009,6,15,E2GI,2_um,50,0.219
15/06/2009,2009,6,15,E2GI,2_um,75,0.205
15/06/2009,2009,6,15,E2GI,2_um,100,0.158
15/06/2009,2009,6,15,E2GI,20_um,0,0.238
15/06/2009,2009,6,15,E2GI,20_um,10,0.271
15/06/2009,2009,6,15,E2GI,20_um,20,0.22
15/06/2009,2009,6,15,E2GI,20_um,30,1.312
15/06/2009,2009,6,15,E2GI,20_um,40,4.117
15/06/2009,2009,6,15,E2GI,20_um,50,0.796
15/06/2009,2009,6,15,E2GI,20_um,75,0.401
15/06/2009,2009,6,15,E2GI,20_um,100,0.318
15/06/2009,2009,6,15,E2GI,GFF,0,0.389
15/06/2009,2009,6,15,E2GI,GFF,10,0.472
15/06/2009,2009,6,15,E2GI,GFF,20,0.563
15/06/2009,2009,6,15,E2GI,GFF,30,1.321
15/06/2009,2009,6,15,E2GI,GFF,40,4.84
15/06/2009,2009,6,15,E2GI,GFF,50,1.189
15/06/2009,2009,6,15,E2GI,GFF,75,0.56
15/06/2009,2009,6,15,E2GI,GFF,100,0.422
14/07/2009,2009,7,14,E2GI,0.2_um,0,0.009
14/07/2009,2009,7,14,E2GI,0.2_um,10,0.088
14/07/2009,2009,7,14,E2GI,0.2_um,20,0.065
14/07/2009,2009,7,14,E2GI,0.2_um,30,0.096
14/07/2009,2009,7,14,E2GI,0.2_um,40,0.45
14/07/2009,2009,7,14,E2GI,0.2_um,50,0.412
14/07/2009,2009,7,14,E2GI,0.2_um,75,0.079
14/07/2009,2009,7,14,E2GI,0.2_um,100,0.031
14/07/2009,2009,7,14,E2GI,2_um,0,0.084
14/07/2009,2009,7,14,E2GI,2_um,10,0.096
14/07/2009,2009,7,14,E2GI,2_um,20,0.081
14/07/2009,2009,7,14,E2GI,2_um,30,0.061
14/07/2009,2009,7,14,E2GI,2_um,40,0.577
14/07/2009,2009,7,14,E2GI,2_um,50,0.483
14/07/2009,2009,7,14,E2GI,2_um,75,0.108
14/07/2009,2009,7,14,E2GI,2_um,100,0.066
14/07/2009,2009,7,14,E2GI,20_um,0,0.019
14/07/2009,2009,7,14,E2GI,20_um,10,0.012
14/07/2009,2009,7,14,E2GI,20_um,20,0.034
14/07/2009,2009,7,14,E2GI,20_um,30,0.029
14/07/2009,2009,7,14,E2GI,20_um,40,0.135
14/07/2009,2009,7,14,E2GI,20_um,50,0.127
14/07/2009,2009,7,14,E2GI,20_um,75,0.048
14/07/2009,2009,7,14,E2GI,20_um,100,0.043
14/07/2009,2009,7,14,E2GI,GFF,0,0.153
14/07/2009,2009,7,14,E2GI,GFF,10,0.138
14/07/2009,2009,7,14,E2GI,GFF,20,0.216
14/07/2009,2009,7,14,E2GI,GFF,30,0.224
14/07/2009,2009,7,14,E2GI,GFF,40,1.292
14/07/2009,2009,7,14,E2GI,GFF,50,0.943
14/07/2009,2009,7,14,E2GI,GFF,75,0.182
14/07/2009,2009,7,14,E2GI,GFF,100,0.091
01/08/2009,2009,8,1,E2GI,0.2_um,0,0.232
01/08/2009,2009,8,1,E2GI,0.2_um,10,0.089
01/08/2009,2009,8,1,E2GI,0.2_um,20,0.072
01/08/2009,2009,8,1,E2GI,0.2_um,30,0.04
01/08/2009,2009,8,1,E2GI,0.2_um,40,0.109
01/08/2009,2009,8,1,E2GI,0.2_um,50,0.139
01/08/2009,2009,8,1,E2GI,0.2_um,75,0.176
01/08/2009,2009,8,1,E2GI,0.2_um,100,0.12
01/08/2009,2009,8,1,E2GI,2_um,0,0.13
01/08/2009,2009,8,1,E2GI,2_um,10,0.07
01/08/2009,2009,8,1,E2GI,2_um,20,0.108
01/08/2009,2009,8,1,E2GI,2_um,30,0.096
01/08/2009,2009,8,1,E2GI,2_um,40,0.052
01/08/2009,2009,8,1,E2GI,2_um,50,0.308
01/08/2009,2009,8,1,E2GI,2_um,75,0.093
01/08/2009,2009,8,1,E2GI,2_um,100,0.058
01/08/2009,2009,8,1,E2GI,20_um,0,0.049
01/08/2009,2009,8,1,E2GI,20_um,10,0.039
01/08/2009,2009,8,1,E2GI,20_um,20,0.042
01/08/2009,2009,8,1,E2GI,20_um,30,0.039
01/08/2009,2009,8,1,E2GI,20_um,40,0.039
01/08/2009,2009,8,1,E2GI,20_um,50,0.093
01/08/2009,2009,8,1,E2GI,20_um,75,0.044
01/08/2009,2009,8,1,E2GI,20_um,100,0.062
01/08/2009,2009,8,1,E2GI,GFF,0,0.296
01/08/2009,2009,8,1,E2GI,GFF,10,0.153
01/08/2009,2009,8,1,E2GI,GFF,20,0.162
01/08/2009,2009,8,1,E2GI,GFF,30,0.184
01/08/2009,2009,8,1,E2GI,GFF,40,0.227
01/08/2009,2009,8,1,E2GI,GFF,50,0.843
01/08/2009,2009,8,1,E2GI,GFF,75,0.142
01/08/2009,2009,8,1,E2GI,GFF,100,0.21
11/09/2009,2009,9,11,E2GI,0.2_um,0,0.104
11/09/2009,2009,9,11,E2GI,0.2_um,10,0.129
11/09/2009,2009,9,11,E2GI,0.2_um,20,0.162
11/09/2009,2009,9,11,E2GI,0.2_um,30,0.444
11/09/2009,2009,9,11,E2GI,0.2_um,40,0.198
11/09/2009,2009,9,11,E2GI,0.2_um,50,0.128
11/09/2009,2009,9,11,E2GI,0.2_um,75,0.042
11/09/2009,2009,9,11,E2GI,0.2_um,100,0.049
11/09/2009,2009,9,11,E2GI,2_um,0,0.076
11/09/2009,2009,9,11,E2GI,2_um,10,0.106
11/09/2009,2009,9,11,E2GI,2_um,20,0.118
11/09/2009,2009,9,11,E2GI,2_um,30,0.622
11/09/2009,2009,9,11,E2GI,2_um,40,0.213
11/09/2009,2009,9,11,E2GI,2_um,50,0.115
11/09/2009,2009,9,11,E2GI,2_um,75,0.065
11/09/2009,2009,9,11,E2GI,2_um,100,0.017
11/09/2009,2009,9,11,E2GI,20_um,0,0.042
11/09/2009,2009,9,11,E2GI,20_um,10,0.03
11/09/2009,2009,9,11,E2GI,20_um,20,0.042
11/09/2009,2009,9,11,E2GI,20_um,30,0.082
11/09/2009,2009,9,11,E2GI,20_um,40,0.044
11/09/2009,2009,9,11,E2GI,20_um,50,0.04
11/09/2009,2009,9,11,E2GI,20_um,75,0.035
11/09/2009,2009,9,11,E2GI,20_um,100,0.039
11/09/2009,2009,9,11,E2GI,GFF,0,0.904
11/09/2009,2009,9,11,E2GI,GFF,10,0.193
11/09/2009,2009,9,11,E2GI,GFF,20,0.335
11/09/2009,2009,9,11,E2GI,GFF,30,1.168
11/09/2009,2009,9,11,E2GI,GFF,40,0.412
11/09/2009,2009,9,11,E2GI,GFF,50,0.234
11/09/2009,2009,9,11,E2GI,GFF,75,0.072
11/09/2009,2009,9,11,E2GI,GFF,100,0.039
19/10/2009,2009,10,19,E2GI,0.2_um,0,0.075
19/10/2009,2009,10,19,E2GI,0.2_um,10,0.299
19/10/2009,2009,10,19,E2GI,0.2_um,20,0.074
19/10/2009,2009,10,19,E2GI,0.2_um,30,0.119
19/10/2009,2009,10,19,E2GI,0.2_um,40,0.108
19/10/2009,2009,10,19,E2GI,0.2_um,50,0.046
19/10/2009,2009,10,19,E2GI,0.2_um,75,0.056
19/10/2009,2009,10,19,E2GI,0.2_um,100,0.039
19/10/2009,2009,10,19,E2GI,2_um,0,0.657
19/10/2009,2009,10,19,E2GI,2_um,10,0.482
19/10/2009,2009,10,19,E2GI,2_um,20,0.739
19/10/2009,2009,10,19,E2GI,2_um,30,0.155
19/10/2009,2009,10,19,E2GI,2_um,40,0.028
19/10/2009,2009,10,19,E2GI,2_um,50,0.041
19/10/2009,2009,10,19,E2GI,2_um,75,0.074
19/10/2009,2009,10,19,E2GI,2_um,100,0.042
19/10/2009,2009,10,19,E2GI,20_um,0,0.511
19/10/2009,2009,10,19,E2GI,20_um,10,1.029
19/10/2009,2009,10,19,E2GI,20_um,20,0.297
19/10/2009,2009,10,19,E2GI,20_um,30,0.144
19/10/2009,2009,10,19,E2GI,20_um,40,0.054
19/10/2009,2009,10,19,E2GI,20_um,50,0.026
19/10/2009,2009,10,19,E2GI,20_um,75,0.033
19/10/2009,2009,10,19,E2GI,20_um,100,0.001
19/10/2009,2009,10,19,E2GI,GFF,0,2.749
19/10/2009,2009,10,19,E2GI,GFF,10,2.768
19/10/2009,2009,10,19,E2GI,GFF,20,2.123
19/10/2009,2009,10,19,E2GI,GFF,30,0.501
19/10/2009,2009,10,19,E2GI,GFF,40,0.167
19/10/2009,2009,10,19,E2GI,GFF,50,0.124
19/10/2009,2009,10,19,E2GI,GFF,75,0.096
19/10/2009,2009,10,19,E2GI,GFF,100,0.072
17/11/2009,2009,11,17,E2GI,0.2_um,0,0.297
17/11/2009,2009,11,17,E2GI,0.2_um,10,0.376
17/11/2009,2009,11,17,E2GI,0.2_um,20,0.23
17/11/2009,2009,11,17,E2GI,0.2_um,30,0.206
17/11/2009,2009,11,17,E2GI,0.2_um,40,0.206
17/11/2009,2009,11,17,E2GI,0.2_um,50,0.314
17/11/2009,2009,11,17,E2GI,0.2_um,75,0.157
17/11/2009,2009,11,17,E2GI,0.2_um,100,0.069
17/11/2009,2009,11,17,E2GI,2_um,0,0.402
17/11/2009,2009,11,17,E2GI,2_um,10,0.276
17/11/2009,2009,11,17,E2GI,2_um,20,0.28
17/11/2009,2009,11,17,E2GI,2_um,30,0.22
17/11/2009,2009,11,17,E2GI,2_um,40,0.174
17/11/2009,2009,11,17,E2GI,2_um,50,0.224
17/11/2009,2009,11,17,E2GI,2_um,75,0.128
17/11/2009,2009,11,17,E2GI,2_um,100,0.052
17/11/2009,2009,11,17,E2GI,20_um,0,0.069
17/11/2009,2009,11,17,E2GI,20_um,10,0.036
17/11/2009,2009,11,17,E2GI,20_um,20,0.03
17/11/2009,2009,11,17,E2GI,20_um,30,0.024
17/11/2009,2009,11,17,E2GI,20_um,40,0.033
17/11/2009,2009,11,17,E2GI,20_um,50,0.022
17/11/2009,2009,11,17,E2GI,20_um,75,0.021
17/11/2009,2009,11,17,E2GI,20_um,100,0.016
17/11/2009,2009,11,17,E2GI,GFF,0,0.7
17/11/2009,2009,11,17,E2GI,GFF,10,0.632
17/11/2009,2009,11,17,E2GI,GFF,20,0.528
17/11/2009,2009,11,17,E2GI,GFF,30,0.48
17/11/2009,2009,11,17,E2GI,GFF,40,0.446
17/11/2009,2009,11,17,E2GI,GFF,50,0.478
17/11/2009,2009,11,17,E2GI,GFF,75,0.272
17/11/2009,2009,11,17,E2GI,GFF,100,0.115
10/12/2009,2009,12,10,E2GI,0.2_um,0,0.747
10/12/2009,2009,12,10,E2GI,0.2_um,10,0.207
10/12/2009,2009,12,10,E2GI,0.2_um,20,0.26
10/12/2009,2009,12,10,E2GI,0.2_um,30,0.248
10/12/2009,2009,12,10,E2GI,0.2_um,40,0.221
10/12/2009,2009,12,10,E2GI,0.2_um,50,0.216
10/12/2009,2009,12,10,E2GI,0.2_um,75,0.219
10/12/2009,2009,12,10,E2GI,0.2_um,100,0.218
10/12/2009,2009,12,10,E2GI,2_um,0,1.082
10/12/2009,2009,12,10,E2GI,2_um,10,0.189
10/12/2009,2009,12,10,E2GI,2_um,20,0.209
10/12/2009,2009,12,10,E2GI,2_um,30,0.182
10/12/2009,2009,12,10,E2GI,2_um,40,0.162
10/12/2009,2009,12,10,E2GI,2_um,50,0.171
10/12/2009,2009,12,10,E2GI,2_um,75,0.21
10/12/2009,2009,12,10,E2GI,2_um,100,0.21
10/12/2009,2009,12,10,E2GI,20_um,0,0.036
10/12/2009,2009,12,10,E2GI,20_um,10,0.049
10/12/2009,2009,12,10,E2GI,20_um,20,0.034
10/12/2009,2009,12,10,E2GI,20_um,30,0.025
10/12/2009,2009,12,10,E2GI,20_um,40,0.026
10/12/2009,2009,12,10,E2GI,20_um,50,0.032
10/12/2009,2009,12,10,E2GI,20_um,75,0.035
10/12/2009,2009,12,10,E2GI,20_um,100,0.032
10/12/2009,2009,12,10,E2GI,GFF,0,1.804
10/12/2009,2009,12,10,E2GI,GFF,10,0.332
10/12/2009,2009,12,10,E2GI,GFF,20,0.4
10/12/2009,2009,12,10,E2GI,GFF,30,0.307
10/12/2009,2009,12,10,E2GI,GFF,40,0.347
10/12/2009,2009,12,10,E2GI,GFF,50,0.334
10/12/2009,2009,12,10,E2GI,GFF,75,0.287
10/12/2009,2009,12,10,E2GI,GFF,100,0.33
19/01/2010,2010,1,19,E2GI,0.2_um,0,0.955
19/01/2010,2010,1,19,E2GI,0.2_um,10,0.314
19/01/2010,2010,1,19,E2GI,0.2_um,20,0.237
19/01/2010,2010,1,19,E2GI,0.2_um,30,0.206
19/01/2010,2010,1,19,E2GI,0.2_um,40,0.178
19/01/2010,2010,1,19,E2GI,0.2_um,50,0.232
19/01/2010,2010,1,19,E2GI,0.2_um,75,0.142
19/01/2010,2010,1,19,E2GI,0.2_um,100,0.152
19/01/2010,2010,1,19,E2GI,2_um,0,1.284
19/01/2010,2010,1,19,E2GI,2_um,10,0.388
19/01/2010,2010,1,19,E2GI,2_um,20,0.197
19/01/2010,2010,1,19,E2GI,2_um,30,0.2
19/01/2010,2010,1,19,E2GI,2_um,40,0.2
19/01/2010,2010,1,19,E2GI,2_um,50,0.185
19/01/2010,2010,1,19,E2GI,2_um,75,0.15
19/01/2010,2010,1,19,E2GI,2_um,100,0.19
19/01/2010,2010,1,19,E2GI,20_um,0,0.094
19/01/2010,2010,1,19,E2GI,20_um,10,0.041
19/01/2010,2010,1,19,E2GI,20_um,20,0.047
19/01/2010,2010,1,19,E2GI,20_um,30,0.043
19/01/2010,2010,1,19,E2GI,20_um,40,0.047
19/01/2010,2010,1,19,E2GI,20_um,50,0.038
19/01/2010,2010,1,19,E2GI,20_um,75,0.042
19/01/2010,2010,1,19,E2GI,20_um,100,0.045
19/01/2010,2010,1,19,E2GI,GFF,0,1.596
19/01/2010,2010,1,19,E2GI,GFF,10,0.66
19/01/2010,2010,1,19,E2GI,GFF,20,0.352
19/01/2010,2010,1,19,E2GI,GFF,30,0.392
19/01/2010,2010,1,19,E2GI,GFF,40,0.35
19/01/2010,2010,1,19,E2GI,GFF,50,0.32
19/01/2010,2010,1,19,E2GI,GFF,75,0.317
19/01/2010,2010,1,19,E2GI,GFF,100,0.313
17/02/2010,2010,2,17,E2GI,0.2_um,0,0.191
17/02/2010,2010,2,17,E2GI,0.2_um,10,0.168
17/02/2010,2010,2,17,E2GI,0.2_um,20,0.094
17/02/2010,2010,2,17,E2GI,0.2_um,30,0.085
17/02/2010,2010,2,17,E2GI,0.2_um,40,0.072
17/02/2010,2010,2,17,E2GI,0.2_um,50,0.062
17/02/2010,2010,2,17,E2GI,0.2_um,75,0.105
17/02/2010,2010,2,17,E2GI,0.2_um,100,0.042
17/02/2010,2010,2,17,E2GI,2_um,0,0.263
17/02/2010,2010,2,17,E2GI,2_um,10,0.276
17/02/2010,2010,2,17,E2GI,2_um,20,0.186
17/02/2010,2010,2,17,E2GI,2_um,30,0.184
17/02/2010,2010,2,17,E2GI,2_um,40,0.085
17/02/2010,2010,2,17,E2GI,2_um,50,0.114
17/02/2010,2010,2,17,E2GI,2_um,75,0.125
17/02/2010,2010,2,17,E2GI,2_um,100,0.07
17/02/2010,2010,2,17,E2GI,20_um,0,0.034
17/02/2010,2010,2,17,E2GI,20_um,10,0.041
17/02/2010,2010,2,17,E2GI,20_um,20,0.033
17/02/2010,2010,2,17,E2GI,20_um,30,0.034
17/02/2010,2010,2,17,E2GI,20_um,40,0.026
17/02/2010,2010,2,17,E2GI,20_um,50,0.034
17/02/2010,2010,2,17,E2GI,20_um,75,0.034
17/02/2010,2010,2,17,E2GI,20_um,100,0.033
17/02/2010,2010,2,17,E2GI,GFF,0,0.448
17/02/2010,2010,2,17,E2GI,GFF,10,0.384
17/02/2010,2010,2,17,E2GI,GFF,20,0.238
17/02/2010,2010,2,17,E2GI,GFF,30,0.137
17/02/2010,2010,2,17,E2GI,GFF,40,0.152
17/02/2010,2010,2,17,E2GI,GFF,50,0.137
17/02/2010,2010,2,17,E2GI,GFF,75,0.214
17/02/2010,2010,2,17,E2GI,GFF,100,0.14
17/03/2010,2010,3,17,E2GI,0.2_um,0,0.285
17/03/2010,2010,3,17,E2GI,0.2_um,10,0.18
17/03/2010,2010,3,17,E2GI,0.2_um,20,0.12
17/03/2010,2010,3,17,E2GI,0.2_um,30,0.088
17/03/2010,2010,3,17,E2GI,0.2_um,40,0.15
17/03/2010,2010,3,17,E2GI,0.2_um,50,0.197
17/03/2010,2010,3,17,E2GI,0.2_um,75,0.081
17/03/2010,2010,3,17,E2GI,0.2_um,100,0.164
17/03/2010,2010,3,17,E2GI,2_um,0,0.561
17/03/2010,2010,3,17,E2GI,2_um,10,0.141
17/03/2010,2010,3,17,E2GI,2_um,20,0.123
17/03/2010,2010,3,17,E2GI,2_um,30,0.211
17/03/2010,2010,3,17,E2GI,2_um,40,0.124
17/03/2010,2010,3,17,E2GI,2_um,50,0.122
17/03/2010,2010,3,17,E2GI,2_um,75,0.176
17/03/2010,2010,3,17,E2GI,2_um,100,0.142
17/03/2010,2010,3,17,E2GI,20_um,0,0.075
17/03/2010,2010,3,17,E2GI,20_um,10,0.346
17/03/2010,2010,3,17,E2GI,20_um,20,0.521
17/03/2010,2010,3,17,E2GI,20_um,30,0.498
17/03/2010,2010,3,17,E2GI,20_um,40,0.339
17/03/2010,2010,3,17,E2GI,20_um,50,0.634
17/03/2010,2010,3,17,E2GI,20_um,75,0.339
17/03/2010,2010,3,17,E2GI,20_um,100,0.356
17/03/2010,2010,3,17,E2GI,GFF,0,0.958
17/03/2010,2010,3,17,E2GI,GFF,10,0.924
17/03/2010,2010,3,17,E2GI,GFF,20,0.866
17/03/2010,2010,3,17,E2GI,GFF,30,0.818
17/03/2010,2010,3,17,E2GI,GFF,40,0.787
17/03/2010,2010,3,17,E2GI,GFF,50,0.877
17/03/2010,2010,3,17,E2GI,GFF,75,0.825
17/03/2010,2010,3,17,E2GI,GFF,100,0.588
20/04/2010,2010,4,20,E2GI,0.2_um,0,0.272
20/04/2010,2010,4,20,E2GI,0.2_um,10,0.185
20/04/2010,2010,4,20,E2GI,0.2_um,20,0.386
20/04/2010,2010,4,20,E2GI,0.2_um,30,0.183
20/04/2010,2010,4,20,E2GI,0.2_um,40,0.294
20/04/2010,2010,4,20,E2GI,0.2_um,50,0.123
20/04/2010,2010,4,20,E2GI,0.2_um,75,0.264
20/04/2010,2010,4,20,E2GI,0.2_um,100,0.138
20/04/2010,2010,4,20,E2GI,2_um,0,0.841
20/04/2010,2010,4,20,E2GI,2_um,10,0.511
20/04/2010,2010,4,20,E2GI,2_um,20,0.456
20/04/2010,2010,4,20,E2GI,2_um,30,0.427
20/04/2010,2010,4,20,E2GI,2_um,40,0.39
20/04/2010,2010,4,20,E2GI,2_um,50,0.4
20/04/2010,2010,4,20,E2GI,2_um,75,0.317
20/04/2010,2010,4,20,E2GI,2_um,100,0.346
20/04/2010,2010,4,20,E2GI,20_um,0,0.135
20/04/2010,2010,4,20,E2GI,20_um,10,0.159
20/04/2010,2010,4,20,E2GI,20_um,20,0.12
20/04/2010,2010,4,20,E2GI,20_um,30,0.116
20/04/2010,2010,4,20,E2GI,20_um,40,0.085
20/04/2010,2010,4,20,E2GI,20_um,50,0.022
20/04/2010,2010,4,20,E2GI,20_um,75,0.113
20/04/2010,2010,4,20,E2GI,20_um,100,0.114
20/04/2010,2010,4,20,E2GI,GFF,0,0.982
20/04/2010,2010,4,20,E2GI,GFF,10,0.77
20/04/2010,2010,4,20,E2GI,GFF,20,1.023
20/04/2010,2010,4,20,E2GI,GFF,30,0.826
20/04/2010,2010,4,20,E2GI,GFF,40,0.81
20/04/2010,2010,4,20,E2GI,GFF,50,0.687
20/04/2010,2010,4,20,E2GI,GFF,75,0.603
20/04/2010,2010,4,20,E2GI,GFF,100,0.658
13/05/2010,2010,5,13,E2GI,0.2_um,0,0.469
13/05/2010,2010,5,13,E2GI,0.2_um,10,0.206
13/05/2010,2010,5,13,E2GI,0.2_um,20,0.385
13/05/2010,2010,5,13,E2GI,0.2_um,30,0.099
13/05/2010,2010,5,13,E2GI,0.2_um,40,0.032
13/05/2010,2010,5,13,E2GI,0.2_um,50,0.075
13/05/2010,2010,5,13,E2GI,0.2_um,75,0.044
13/05/2010,2010,5,13,E2GI,0.2_um,100,0.056
13/05/2010,2010,5,13,E2GI,2_um,0,0.818
13/05/2010,2010,5,13,E2GI,2_um,10,0.371
13/05/2010,2010,5,13,E2GI,2_um,20,0.289
13/05/2010,2010,5,13,E2GI,2_um,30,0.365
13/05/2010,2010,5,13,E2GI,2_um,40,0.306
13/05/2010,2010,5,13,E2GI,2_um,50,0.296
13/05/2010,2010,5,13,E2GI,2_um,75,0.158
13/05/2010,2010,5,13,E2GI,2_um,100,0.191
13/05/2010,2010,5,13,E2GI,20_um,0,0.115
13/05/2010,2010,5,13,E2GI,20_um,10,0.319
13/05/2010,2010,5,13,E2GI,20_um,20,0.309
13/05/2010,2010,5,13,E2GI,20_um,30,0.184
13/05/2010,2010,5,13,E2GI,20_um,40,0.111
13/05/2010,2010,5,13,E2GI,20_um,50,0.062
13/05/2010,2010,5,13,E2GI,20_um,75,0.064
13/05/2010,2010,5,13,E2GI,20_um,100,0.053
13/05/2010,2010,5,13,E2GI,GFF,0,1.176
13/05/2010,2010,5,13,E2GI,GFF,10,1.093
13/05/2010,2010,5,13,E2GI,GFF,20,1.011
13/05/2010,2010,5,13,E2GI,GFF,30,0.553
13/05/2010,2010,5,13,E2GI,GFF,40,0.478
13/05/2010,2010,5,13,E2GI,GFF,50,0.348
13/05/2010,2010,5,13,E2GI,GFF,75,0.268
13/05/2010,2010,5,13,E2GI,GFF,100,0.248
08/06/2010,2010,6,8,E2GI,0.2_um,0,0.12
08/06/2010,2010,6,8,E2GI,0.2_um,10,0.021
08/06/2010,2010,6,8,E2GI,0.2_um,20,0.12
08/06/2010,2010,6,8,E2GI,0.2_um,30,0.046
08/06/2010,2010,6,8,E2GI,0.2_um,40,0.028
08/06/2010,2010,6,8,E2GI,0.2_um,50,0.096
08/06/2010,2010,6,8,E2GI,0.2_um,75,0.068
08/06/2010,2010,6,8,E2GI,0.2_um,100,0.052
08/06/2010,2010,6,8,E2GI,2_um,0,0.09
08/06/2010,2010,6,8,E2GI,2_um,10,0.119
08/06/2010,2010,6,8,E2GI,2_um,20,0.164
08/06/2010,2010,6,8,E2GI,2_um,30,0.082
08/06/2010,2010,6,8,E2GI,2_um,40,0.09
08/06/2010,2010,6,8,E2GI,2_um,50,0.085
08/06/2010,2010,6,8,E2GI,2_um,75,0.068
08/06/2010,2010,6,8,E2GI,2_um,100,0.078
08/06/2010,2010,6,8,E2GI,20_um,0,0.028
08/06/2010,2010,6,8,E2GI,20_um,10,0.047
08/06/2010,2010,6,8,E2GI,20_um,20,0.087
08/06/2010,2010,6,8,E2GI,20_um,30,0.102
08/06/2010,2010,6,8,E2GI,20_um,40,0.143
08/06/2010,2010,6,8,E2GI,20_um,50,0.076
08/06/2010,2010,6,8,E2GI,20_um,75,0.095
08/06/2010,2010,6,8,E2GI,20_um,100,0.104
08/06/2010,2010,6,8,E2GI,GFF,0,0.263
08/06/2010,2010,6,8,E2GI,GFF,10,0.225
08/06/2010,2010,6,8,E2GI,GFF,20,0.373
08/06/2010,2010,6,8,E2GI,GFF,30,0.22
08/06/2010,2010,6,8,E2GI,GFF,40,0.234
08/06/2010,2010,6,8,E2GI,GFF,50,0.193
08/06/2010,2010,6,8,E2GI,GFF,75,0.149
08/06/2010,2010,6,8,E2GI,GFF,100,0.124
15/07/2010,2010,7,15,E2GI,0.2_um,0,0.066
15/07/2010,2010,7,15,E2GI,0.2_um,10,0.064
15/07/2010,2010,7,15,E2GI,0.2_um,20,0.106
15/07/2010,2010,7,15,E2GI,0.2_um,30,0.295
15/07/2010,2010,7,15,E2GI,0.2_um,40,0.269
15/07/2010,2010,7,15,E2GI,0.2_um,50,0.081
15/07/2010,2010,7,15,E2GI,0.2_um,75,0.084
15/07/2010,2010,7,15,E2GI,0.2_um,100,0.057
15/07/2010,2010,7,15,E2GI,2_um,0,0.074
15/07/2010,2010,7,15,E2GI,2_um,10,0.085
15/07/2010,2010,7,15,E2GI,2_um,20,0.183
15/07/2010,2010,7,15,E2GI,2_um,30,0.446
15/07/2010,2010,7,15,E2GI,2_um,40,0.904
15/07/2010,2010,7,15,E2GI,2_um,50,0.498
15/07/2010,2010,7,15,E2GI,2_um,75,0.324
15/07/2010,2010,7,15,E2GI,2_um,100,0.146
15/07/2010,2010,7,15,E2GI,20_um,0,0.022
15/07/2010,2010,7,15,E2GI,20_um,10,0.021
15/07/2010,2010,7,15,E2GI,20_um,20,0.04
15/07/2010,2010,7,15,E2GI,20_um,30,0.078
15/07/2010,2010,7,15,E2GI,20_um,40,0.094
15/07/2010,2010,7,15,E2GI,20_um,50,0.024
15/07/2010,2010,7,15,E2GI,20_um,75,0.053
15/07/2010,2010,7,15,E2GI,20_um,100,0.047
15/07/2010,2010,7,15,E2GI,GFF,0,0.163
15/07/2010,2010,7,15,E2GI,GFF,10,0.172
15/07/2010,2010,7,15,E2GI,GFF,20,0.431
15/07/2010,2010,7,15,E2GI,GFF,30,0.859
15/07/2010,2010,7,15,E2GI,GFF,40,1.105
15/07/2010,2010,7,15,E2GI,GFF,50,0.641
15/07/2010,2010,7,15,E2GI,GFF,75,0.446
15/07/2010,2010,7,15,E2GI,GFF,100,0.225
09/08/2010,2010,8,9,E2GI,0.2_um,0,0.089
09/08/2010,2010,8,9,E2GI,0.2_um,10,0.047
09/08/2010,2010,8,9,E2GI,0.2_um,20,0.016
09/08/2010,2010,8,9,E2GI,0.2_um,30,0.097
09/08/2010,2010,8,9,E2GI,0.2_um,40,0.141
09/08/2010,2010,8,9,E2GI,0.2_um,50,0.043
09/08/2010,2010,8,9,E2GI,0.2_um,75,0.018
09/08/2010,2010,8,9,E2GI,0.2_um,100,0.024
09/08/2010,2010,8,9,E2GI,2_um,0,0.177
09/08/2010,2010,8,9,E2GI,2_um,10,0.161
09/08/2010,2010,8,9,E2GI,2_um,20,0.144
09/08/2010,2010,8,9,E2GI,2_um,30,0.18
09/08/2010,2010,8,9,E2GI,2_um,40,0.77
09/08/2010,2010,8,9,E2GI,2_um,50,0.45
09/08/2010,2010,8,9,E2GI,2_um,75,0.136
09/08/2010,2010,8,9,E2GI,2_um,100,0.048
09/08/2010,2010,8,9,E2GI,20_um,0,0.024
09/08/2010,2010,8,9,E2GI,20_um,10,0.014
09/08/2010,2010,8,9,E2GI,20_um,20,0.01
09/08/2010,2010,8,9,E2GI,20_um,30,0.019
09/08/2010,2010,8,9,E2GI,20_um,40,0.234
09/08/2010,2010,8,9,E2GI,20_um,50,0.148
09/08/2010,2010,8,9,E2GI,20_um,75,0.041
09/08/2010,2010,8,9,E2GI,20_um,100,0.018
09/08/2010,2010,8,9,E2GI,GFF,0,0.31
09/08/2010,2010,8,9,E2GI,GFF,10,0.234
09/08/2010,2010,8,9,E2GI,GFF,20,0.241
09/08/2010,2010,8,9,E2GI,GFF,30,0.242
09/08/2010,2010,8,9,E2GI,GFF,40,1.104
09/08/2010,2010,8,9,E2GI,GFF,50,0.521
09/08/2010,2010,8,9,E2GI,GFF,75,0.128
09/08/2010,2010,8,9,E2GI,GFF,100,0.044
15/09/2010,2010,9,15,E2GI,0.2_um,0,0.112
15/09/2010,2010,9,15,E2GI,0.2_um,10,0.175
15/09/2010,2010,9,15,E2GI,0.2_um,20,0.285
15/09/2010,2010,9,15,E2GI,0.2_um,30,0.431
15/09/2010,2010,9,15,E2GI,0.2_um,40,0.298
15/09/2010,2010,9,15,E2GI,0.2_um,50,0.046
15/09/2010,2010,9,15,E2GI,0.2_um,75,0.024
15/09/2010,2010,9,15,E2GI,0.2_um,100,0.002
15/09/2010,2010,9,15,E2GI,2_um,0,0.097
15/09/2010,2010,9,15,E2GI,2_um,10,0.08
15/09/2010,2010,9,15,E2GI,2_um,20,0.125
15/09/2010,2010,9,15,E2GI,2_um,30,1.481
15/09/2010,2010,9,15,E2GI,2_um,40,0.169
15/09/2010,2010,9,15,E2GI,2_um,50,0.164
15/09/2010,2010,9,15,E2GI,2_um,75,0.067
15/09/2010,2010,9,15,E2GI,2_um,100,0.037
15/09/2010,2010,9,15,E2GI,20_um,0,0.007
15/09/2010,2010,9,15,E2GI,20_um,10,0.034
15/09/2010,2010,9,15,E2GI,20_um,20,0.028
15/09/2010,2010,9,15,E2GI,20_um,30,0.096
15/09/2010,2010,9,15,E2GI,20_um,40,0.042
15/09/2010,2010,9,15,E2GI,20_um,50,0.047
15/09/2010,2010,9,15,E2GI,20_um,75,0.018
15/09/2010,2010,9,15,E2GI,20_um,100,0.008
15/09/2010,2010,9,15,E2GI,GFF,0,0.2
15/09/2010,2010,9,15,E2GI,GFF,10,0.281
15/09/2010,2010,9,15,E2GI,GFF,20,0.383
15/09/2010,2010,9,15,E2GI,GFF,30,1.966
15/09/2010,2010,9,15,E2GI,GFF,40,0.446
15/09/2010,2010,9,15,E2GI,GFF,50,0.205
15/09/2010,2010,9,15,E2GI,GFF,75,0.029
15/09/2010,2010,9,15,E2GI,GFF,100,0.047
19/10/2010,2010,10,19,E2GI,0.2_um,0,0.167
19/10/2010,2010,10,19,E2GI,0.2_um,10,0.251
19/10/2010,2010,10,19,E2GI,0.2_um,20,0.276
19/10/2010,2010,10,19,E2GI,0.2_um,30,0.093
19/10/2010,2010,10,19,E2GI,0.2_um,40,0.304
19/10/2010,2010,10,19,E2GI,0.2_um,50,0.105
19/10/2010,2010,10,19,E2GI,0.2_um,75,0.077
19/10/2010,2010,10,19,E2GI,0.2_um,100,0.042
19/10/2010,2010,10,19,E2GI,2_um,0,0.108
19/10/2010,2010,10,19,E2GI,2_um,10,0.121
19/10/2010,2010,10,19,E2GI,2_um,20,0.059
19/10/2010,2010,10,19,E2GI,2_um,30,0.165
19/10/2010,2010,10,19,E2GI,2_um,40,0.098
19/10/2010,2010,10,19,E2GI,2_um,50,0.151
19/10/2010,2010,10,19,E2GI,2_um,75,0.053
19/10/2010,2010,10,19,E2GI,2_um,100,0.038
19/10/2010,2010,10,19,E2GI,20_um,0,0.027
19/10/2010,2010,10,19,E2GI,20_um,10,0.044
19/10/2010,2010,10,19,E2GI,20_um,20,0.043
19/10/2010,2010,10,19,E2GI,20_um,30,0.052
19/10/2010,2010,10,19,E2GI,20_um,40,0.034
19/10/2010,2010,10,19,E2GI,20_um,50,0.044
19/10/2010,2010,10,19,E2GI,20_um,75,0.017
19/10/2010,2010,10,19,E2GI,20_um,100,0.033
19/10/2010,2010,10,19,E2GI,GFF,0,0.41
19/10/2010,2010,10,19,E2GI,GFF,10,0.405
19/10/2010,2010,10,19,E2GI,GFF,20,0.419
19/10/2010,2010,10,19,E2GI,GFF,30,0.438
19/10/2010,2010,10,19,E2GI,GFF,40,0.448
19/10/2010,2010,10,19,E2GI,GFF,50,0.329
19/10/2010,2010,10,19,E2GI,GFF,75,0.106
19/10/2010,2010,10,19,E2GI,GFF,100,0.058
30/11/2010,2010,11,30,E2GI,0.2_um,0,0.024
30/11/2010,2010,11,30,E2GI,0.2_um,10,0.18
30/11/2010,2010,11,30,E2GI,0.2_um,20,0.186
30/11/2010,2010,11,30,E2GI,0.2_um,30,0.157
30/11/2010,2010,11,30,E2GI,0.2_um,40,0.043
30/11/2010,2010,11,30,E2GI,0.2_um,50,0.018
30/11/2010,2010,11,30,E2GI,0.2_um,75,0.032
30/11/2010,2010,11,30,E2GI,0.2_um,100,0.058
30/11/2010,2010,11,30,E2GI,2_um,0,0.236
30/11/2010,2010,11,30,E2GI,2_um,10,0.162
30/11/2010,2010,11,30,E2GI,2_um,20,0.039
30/11/2010,2010,11,30,E2GI,2_um,30,0.164
30/11/2010,2010,11,30,E2GI,2_um,40,0.14
30/11/2010,2010,11,30,E2GI,2_um,50,0.145
30/11/2010,2010,11,30,E2GI,2_um,75,0.02
30/11/2010,2010,11,30,E2GI,2_um,100,0.021
30/11/2010,2010,11,30,E2GI,20_um,0,0.075
30/11/2010,2010,11,30,E2GI,20_um,10,0.055
30/11/2010,2010,11,30,E2GI,20_um,20,0.13
30/11/2010,2010,11,30,E2GI,20_um,30,0.046
30/11/2010,2010,11,30,E2GI,20_um,40,0.051
30/11/2010,2010,11,30,E2GI,20_um,75,0.009
30/11/2010,2010,11,30,E2GI,20_um,100,0.007
30/11/2010,2010,11,30,E2GI,GFF,0,0.801
30/11/2010,2010,11,30,E2GI,GFF,10,0.506
30/11/2010,2010,11,30,E2GI,GFF,20,0.418
30/11/2010,2010,11,30,E2GI,GFF,30,0.288
30/11/2010,2010,11,30,E2GI,GFF,40,0.314
30/11/2010,2010,11,30,E2GI,GFF,50,0.327
30/11/2010,2010,11,30,E2GI,GFF,75,0.12
30/11/2010,2010,11,30,E2GI,GFF,100,0.062
12/12/2010,2010,12,12,E2GI,0.2_um,0,0.221
12/12/2010,2010,12,12,E2GI,0.2_um,10,0.219
12/12/2010,2010,12,12,E2GI,0.2_um,20,0.14
12/12/2010,2010,12,12,E2GI,0.2_um,30,0.06
12/12/2010,2010,12,12,E2GI,0.2_um,40,0.199
12/12/2010,2010,12,12,E2GI,0.2_um,50,0.176
12/12/2010,2010,12,12,E2GI,0.2_um,75,0.06
12/12/2010,2010,12,12,E2GI,0.2_um,100,0.011
12/12/2010,2010,12,12,E2GI,2_um,0,0.256
12/12/2010,2010,12,12,E2GI,2_um,10,0.224
12/12/2010,2010,12,12,E2GI,2_um,20,0.201
12/12/2010,2010,12,12,E2GI,2_um,30,0.211
12/12/2010,2010,12,12,E2GI,2_um,40,0.176
12/12/2010,2010,12,12,E2GI,2_um,50,0.15
12/12/2010,2010,12,12,E2GI,2_um,75,0.008
12/12/2010,2010,12,12,E2GI,2_um,100,0.026
12/12/2010,2010,12,12,E2GI,20_um,0,0.039
12/12/2010,2010,12,12,E2GI,20_um,10,0.014
12/12/2010,2010,12,12,E2GI,20_um,20,0.044
12/12/2010,2010,12,12,E2GI,20_um,30,0.036
12/12/2010,2010,12,12,E2GI,20_um,40,0.024
12/12/2010,2010,12,12,E2GI,20_um,50,0.054
12/12/2010,2010,12,12,E2GI,20_um,75,0.025
12/12/2010,2010,12,12,E2GI,20_um,100,0.025
12/12/2010,2010,12,12,E2GI,GFF,0,0.425
12/12/2010,2010,12,12,E2GI,GFF,10,0.38
12/12/2010,2010,12,12,E2GI,GFF,20,0.417
12/12/2010,2010,12,12,E2GI,GFF,30,0.391
12/12/2010,2010,12,12,E2GI,GFF,40,0.362
12/12/2010,2010,12,12,E2GI,GFF,50,0.331
12/12/2010,2010,12,12,E2GI,GFF,75,0.107
12/12/2010,2010,12,12,E2GI,GFF,100,0.077
18/01/2011,2011,1,18,E2GI,0.2_um,0,0.388
18/01/2011,2011,1,18,E2GI,0.2_um,10,0.231
18/01/2011,2011,1,18,E2GI,0.2_um,20,0.292
18/01/2011,2011,1,18,E2GI,0.2_um,30,0.3
18/01/2011,2011,1,18,E2GI,0.2_um,40,0.312
18/01/2011,2011,1,18,E2GI,0.2_um,50,0.175
18/01/2011,2011,1,18,E2GI,0.2_um,75,0.172
18/01/2011,2011,1,18,E2GI,0.2_um,100,0.112
18/01/2011,2011,1,18,E2GI,2_um,0,0.382
18/01/2011,2011,1,18,E2GI,2_um,10,0.235
18/01/2011,2011,1,18,E2GI,2_um,20,0.15
18/01/2011,2011,1,18,E2GI,2_um,30,0.21
18/01/2011,2011,1,18,E2GI,2_um,40,0.195
18/01/2011,2011,1,18,E2GI,2_um,50,0.141
18/01/2011,2011,1,18,E2GI,2_um,75,0.14
18/01/2011,2011,1,18,E2GI,2_um,100,0.137
18/01/2011,2011,1,18,E2GI,20_um,0,0.088
18/01/2011,2011,1,18,E2GI,20_um,10,0.03
18/01/2011,2011,1,18,E2GI,20_um,20,0.038
18/01/2011,2011,1,18,E2GI,20_um,30,0.051
18/01/2011,2011,1,18,E2GI,20_um,40,0.035
18/01/2011,2011,1,18,E2GI,20_um,50,0.028
18/01/2011,2011,1,18,E2GI,20_um,75,0.027
18/01/2011,2011,1,18,E2GI,20_um,100,0.039
18/01/2011,2011,1,18,E2GI,GFF,0,0.805
18/01/2011,2011,1,18,E2GI,GFF,10,0.584
18/01/2011,2011,1,18,E2GI,GFF,20,0.374
18/01/2011,2011,1,18,E2GI,GFF,30,0.636
18/01/2011,2011,1,18,E2GI,GFF,40,0.405
18/01/2011,2011,1,18,E2GI,GFF,50,0.316
18/01/2011,2011,1,18,E2GI,GFF,75,0.264
18/01/2011,2011,1,18,E2GI,GFF,100,0.203
24/02/2011,2011,2,24,E2GI,0.2_um,0,0.115
24/02/2011,2011,2,24,E2GI,0.2_um,10,0.191
24/02/2011,2011,2,24,E2GI,0.2_um,20,0.146
24/02/2011,2011,2,24,E2GI,0.2_um,30,0.24
24/02/2011,2011,2,24,E2GI,0.2_um,40,0.197
24/02/2011,2011,2,24,E2GI,0.2_um,50,0.153
24/02/2011,2011,2,24,E2GI,0.2_um,75,0.086
24/02/2011,2011,2,24,E2GI,0.2_um,100,0.117
24/02/2011,2011,2,24,E2GI,2_um,0,0.358
24/02/2011,2011,2,24,E2GI,2_um,10,0.344
24/02/2011,2011,2,24,E2GI,2_um,20,0.566
24/02/2011,2011,2,24,E2GI,2_um,30,0.473
24/02/2011,2011,2,24,E2GI,2_um,40,0.369
24/02/2011,2011,2,24,E2GI,2_um,50,0.267
24/02/2011,2011,2,24,E2GI,2_um,75,0.18
24/02/2011,2011,2,24,E2GI,2_um,100,0.204
24/02/2011,2011,2,24,E2GI,20_um,0,0.139
24/02/2011,2011,2,24,E2GI,20_um,10,0.154
24/02/2011,2011,2,24,E2GI,20_um,20,0.108
24/02/2011,2011,2,24,E2GI,20_um,30,0.094
24/02/2011,2011,2,24,E2GI,20_um,40,0.064
24/02/2011,2011,2,24,E2GI,20_um,50,0.069
24/02/2011,2011,2,24,E2GI,20_um,75,0.048
24/02/2011,2011,2,24,E2GI,20_um,100,0.047
24/02/2011,2011,2,24,E2GI,GFF,0,0.402
24/02/2011,2011,2,24,E2GI,GFF,10,0.258
24/02/2011,2011,2,24,E2GI,GFF,20,0.305
24/02/2011,2011,2,24,E2GI,GFF,30,0.468
24/02/2011,2011,2,24,E2GI,GFF,40,0.111
24/02/2011,2011,2,24,E2GI,GFF,50,0.231
24/02/2011,2011,2,24,E2GI,GFF,75,0.166
24/02/2011,2011,2,24,E2GI,GFF,100,0.208
15/03/2011,2011,3,15,E2GI,0.2_um,0,0.106
15/03/2011,2011,3,15,E2GI,0.2_um,10,0.194
15/03/2011,2011,3,15,E2GI,0.2_um,20,0.095
15/03/2011,2011,3,15,E2GI,0.2_um,30,0.276
15/03/2011,2011,3,15,E2GI,0.2_um,40,0.229
15/03/2011,2011,3,15,E2GI,0.2_um,50,0.083
15/03/2011,2011,3,15,E2GI,0.2_um,75,0.053
15/03/2011,2011,3,15,E2GI,0.2_um,100,0.108
15/03/2011,2011,3,15,E2GI,2_um,0,0.311
15/03/2011,2011,3,15,E2GI,2_um,10,0.34
15/03/2011,2011,3,15,E2GI,2_um,20,0.592
15/03/2011,2011,3,15,E2GI,2_um,30,0.369
15/03/2011,2011,3,15,E2GI,2_um,40,0.283
15/03/2011,2011,3,15,E2GI,2_um,50,0.293
15/03/2011,2011,3,15,E2GI,2_um,75,0.152
15/03/2011,2011,3,15,E2GI,2_um,100,0.171
15/03/2011,2011,3,15,E2GI,20_um,0,0.352
15/03/2011,2011,3,15,E2GI,20_um,10,0.613
15/03/2011,2011,3,15,E2GI,20_um,20,0.53
15/03/2011,2011,3,15,E2GI,20_um,30,0.36
15/03/2011,2011,3,15,E2GI,20_um,40,0.159
15/03/2011,2011,3,15,E2GI,20_um,50,0.105
15/03/2011,2011,3,15,E2GI,20_um,75,0.078
15/03/2011,2011,3,15,E2GI,20_um,100,0.063
15/03/2011,2011,3,15,E2GI,GFF,0,0.632
15/03/2011,2011,3,15,E2GI,GFF,10,0.468
15/03/2011,2011,3,15,E2GI,GFF,20,0.449
15/03/2011,2011,3,15,E2GI,GFF,30,0.468
15/03/2011,2011,3,15,E2GI,GFF,40,0.533
15/03/2011,2011,3,15,E2GI,GFF,50,0.316
15/03/2011,2011,3,15,E2GI,GFF,75,0.134
15/03/2011,2011,3,15,E2GI,GFF,100,0.174
18/04/2011,2011,4,18,E2GI,0.2_um,0,0.191
18/04/2011,2011,4,18,E2GI,0.2_um,10,0.291
18/04/2011,2011,4,18,E2GI,0.2_um,20,0.419
18/04/2011,2011,4,18,E2GI,0.2_um,30,0.095
18/04/2011,2011,4,18,E2GI,0.2_um,40,0.133
18/04/2011,2011,4,18,E2GI,0.2_um,50,0.109
18/04/2011,2011,4,18,E2GI,0.2_um,75,0.09
18/04/2011,2011,4,18,E2GI,0.2_um,100,0.041
18/04/2011,2011,4,18,E2GI,2_um,0,0.268
18/04/2011,2011,4,18,E2GI,2_um,10,0.348
18/04/2011,2011,4,18,E2GI,2_um,20,0.132
18/04/2011,2011,4,18,E2GI,2_um,30,0.179
18/04/2011,2011,4,18,E2GI,2_um,40,0.245
18/04/2011,2011,4,18,E2GI,2_um,50,0.264
18/04/2011,2011,4,18,E2GI,2_um,75,0.067
18/04/2011,2011,4,18,E2GI,2_um,100,0.051
18/04/2011,2011,4,18,E2GI,20_um,0,0.121
18/04/2011,2011,4,18,E2GI,20_um,10,0.201
18/04/2011,2011,4,18,E2GI,20_um,20,0.227
18/04/2011,2011,4,18,E2GI,20_um,30,0.107
18/04/2011,2011,4,18,E2GI,20_um,40,0.033
18/04/2011,2011,4,18,E2GI,20_um,50,0.043
18/04/2011,2011,4,18,E2GI,20_um,75,0.032
18/04/2011,2011,4,18,E2GI,20_um,100,0.009
18/04/2011,2011,4,18,E2GI,GFF,0,0.554
18/04/2011,2011,4,18,E2GI,GFF,10,0.678
18/04/2011,2011,4,18,E2GI,GFF,20,0.896
18/04/2011,2011,4,18,E2GI,GFF,30,0.393
18/04/2011,2011,4,18,E2GI,GFF,40,0.293
18/04/2011,2011,4,18,E2GI,GFF,50,0.244
18/04/2011,2011,4,18,E2GI,GFF,75,0.108
18/04/2011,2011,4,18,E2GI,GFF,100,0.068
12/05/2011,2011,5,12,E2GI,0.2_um,0,0.084
12/05/2011,2011,5,12,E2GI,0.2_um,10,0.072
12/05/2011,2011,5,12,E2GI,0.2_um,20,0.088
12/05/2011,2011,5,12,E2GI,0.2_um,30,0.168
12/05/2011,2011,5,12,E2GI,0.2_um,40,0.513
12/05/2011,2011,5,12,E2GI,0.2_um,50,0.223
12/05/2011,2011,5,12,E2GI,0.2_um,75,0.18
12/05/2011,2011,5,12,E2GI,0.2_um,100,0.051
12/05/2011,2011,5,12,E2GI,2_um,0,0.327
12/05/2011,2011,5,12,E2GI,2_um,10,0.028
12/05/2011,2011,5,12,E2GI,2_um,20,0.174
12/05/2011,2011,5,12,E2GI,2_um,30,0.306
12/05/2011,2011,5,12,E2GI,2_um,40,0.341
12/05/2011,2011,5,12,E2GI,2_um,50,0.145
12/05/2011,2011,5,12,E2GI,2_um,75,0.031
12/05/2011,2011,5,12,E2GI,2_um,100,0.084
12/05/2011,2011,5,12,E2GI,20_um,0,0.051
12/05/2011,2011,5,12,E2GI,20_um,10,0.017
12/05/2011,2011,5,12,E2GI,20_um,20,0.03
12/05/2011,2011,5,12,E2GI,20_um,30,0.048
12/05/2011,2011,5,12,E2GI,20_um,40,0.027
12/05/2011,2011,5,12,E2GI,20_um,50,0.032
12/05/2011,2011,5,12,E2GI,20_um,75,0.037
12/05/2011,2011,5,12,E2GI,20_um,100,0.044
12/05/2011,2011,5,12,E2GI,GFF,0,0.375
12/05/2011,2011,5,12,E2GI,GFF,10,0.372
12/05/2011,2011,5,12,E2GI,GFF,20,0.321
12/05/2011,2011,5,12,E2GI,GFF,30,0.758
12/05/2011,2011,5,12,E2GI,GFF,40,0.836
12/05/2011,2011,5,12,E2GI,GFF,50,0.464
12/05/2011,2011,5,12,E2GI,GFF,75,0.114
12/05/2011,2011,5,12,E2GI,GFF,100,0.108
21/06/2011,2011,6,21,E2GI,0.2_um,0,0.036
21/06/2011,2011,6,21,E2GI,0.2_um,10,0.021
21/06/2011,2011,6,21,E2GI,0.2_um,20,0.095
21/06/2011,2011,6,21,E2GI,0.2_um,30,0.095
21/06/2011,2011,6,21,E2GI,0.2_um,40,0.298
21/06/2011,2011,6,21,E2GI,0.2_um,50,0.919
21/06/2011,2011,6,21,E2GI,0.2_um,75,0.056
21/06/2011,2011,6,21,E2GI,0.2_um,100,0.034
21/06/2011,2011,6,21,E2GI,2_um,0,0.056
21/06/2011,2011,6,21,E2GI,2_um,10,0.062
21/06/2011,2011,6,21,E2GI,2_um,20,0.073
21/06/2011,2011,6,21,E2GI,2_um,30,0.129
21/06/2011,2011,6,21,E2GI,2_um,40,0.172
21/06/2011,2011,6,21,E2GI,2_um,50,0.262
21/06/2011,2011,6,21,E2GI,2_um,75,0.168
21/06/2011,2011,6,21,E2GI,2_um,100,0.055
21/06/2011,2011,6,21,E2GI,20_um,0,0.038
21/06/2011,2011,6,21,E2GI,20_um,10,0.048
21/06/2011,2011,6,21,E2GI,20_um,20,0.011
21/06/2011,2011,6,21,E2GI,20_um,30,0.073
21/06/2011,2011,6,21,E2GI,20_um,40,0.108
21/06/2011,2011,6,21,E2GI,20_um,50,0.154
21/06/2011,2011,6,21,E2GI,20_um,75,0.049
21/06/2011,2011,6,21,E2GI,20_um,100,0.017
21/06/2011,2011,6,21,E2GI,GFF,0,0.071
21/06/2011,2011,6,21,E2GI,GFF,10,0.081
21/06/2011,2011,6,21,E2GI,GFF,20,0.106
21/06/2011,2011,6,21,E2GI,GFF,30,0.22
21/06/2011,2011,6,21,E2GI,GFF,40,0.47
21/06/2011,2011,6,21,E2GI,GFF,50,0.571
21/06/2011,2011,6,21,E2GI,GFF,75,0.207
21/06/2011,2011,6,21,E2GI,GFF,100,0.095
14/07/2011,2011,7,14,E2GI,0.2_um,0,0.012
14/07/2011,2011,7,14,E2GI,0.2_um,10,0.105
14/07/2011,2011,7,14,E2GI,0.2_um,20,0.12
14/07/2011,2011,7,14,E2GI,0.2_um,30,0.257
14/07/2011,2011,7,14,E2GI,0.2_um,40,0.099
14/07/2011,2011,7,14,E2GI,0.2_um,50,0.174
14/07/2011,2011,7,14,E2GI,0.2_um,75,0.048
14/07/2011,2011,7,14,E2GI,0.2_um,100,0.048
14/07/2011,2011,7,14,E2GI,2_um,0,0.09
14/07/2011,2011,7,14,E2GI,2_um,10,0.13
14/07/2011,2011,7,14,E2GI,2_um,20,0.174
14/07/2011,2011,7,14,E2GI,2_um,30,0.639
14/07/2011,2011,7,14,E2GI,2_um,40,0.267
14/07/2011,2011,7,14,E2GI,2_um,50,0.278
14/07/2011,2011,7,14,E2GI,2_um,75,0.115
14/07/2011,2011,7,14,E2GI,2_um,100,0.061
14/07/2011,2011,7,14,E2GI,20_um,0,0.045
14/07/2011,2011,7,14,E2GI,20_um,10,0.046
14/07/2011,2011,7,14,E2GI,20_um,20,0.078
14/07/2011,2011,7,14,E2GI,20_um,30,0.067
14/07/2011,2011,7,14,E2GI,20_um,40,0.106
14/07/2011,2011,7,14,E2GI,20_um,50,0.111
14/07/2011,2011,7,14,E2GI,20_um,75,0.048
14/07/2011,2011,7,14,E2GI,20_um,100,0.054
14/07/2011,2011,7,14,E2GI,GFF,0,0.148
14/07/2011,2011,7,14,E2GI,GFF,10,0.177
14/07/2011,2011,7,14,E2GI,GFF,20,0.342
14/07/2011,2011,7,14,E2GI,GFF,30,0.776
14/07/2011,2011,7,14,E2GI,GFF,40,0.514
14/07/2011,2011,7,14,E2GI,GFF,50,0.39
14/07/2011,2011,7,14,E2GI,GFF,75,0.206
14/07/2011,2011,7,14,E2GI,GFF,100,0.118
11/08/2011,2011,8,11,E2GI,0.2_um,0,0.048
11/08/2011,2011,8,11,E2GI,0.2_um,10,0.068
11/08/2011,2011,8,11,E2GI,0.2_um,20,0.118
11/08/2011,2011,8,11,E2GI,0.2_um,30,0.136
11/08/2011,2011,8,11,E2GI,0.2_um,40,0.337
11/08/2011,2011,8,11,E2GI,0.2_um,50,0.173
11/08/2011,2011,8,11,E2GI,0.2_um,75,0.09
11/08/2011,2011,8,11,E2GI,0.2_um,100,0.009
11/08/2011,2011,8,11,E2GI,2_um,0,0.062
11/08/2011,2011,8,11,E2GI,2_um,10,0.042
11/08/2011,2011,8,11,E2GI,2_um,20,0.047
11/08/2011,2011,8,11,E2GI,2_um,30,0.041
11/08/2011,2011,8,11,E2GI,2_um,40,0.479
11/08/2011,2011,8,11,E2GI,2_um,50,0.597
11/08/2011,2011,8,11,E2GI,2_um,75,0.182
11/08/2011,2011,8,11,E2GI,2_um,100,0.047
11/08/2011,2011,8,11,E2GI,20_um,0,0.039
11/08/2011,2011,8,11,E2GI,20_um,10,0.045
11/08/2011,2011,8,11,E2GI,20_um,20,0.04
11/08/2011,2011,8,11,E2GI,20_um,30,0.068
11/08/2011,2011,8,11,E2GI,20_um,40,0.078
11/08/2011,2011,8,11,E2GI,20_um,50,0.039
11/08/2011,2011,8,11,E2GI,20_um,75,0.033
11/08/2011,2011,8,11,E2GI,20_um,100,0.08
11/08/2011,2011,8,11,E2GI,GFF,0,0.096
11/08/2011,2011,8,11,E2GI,GFF,10,0.108
11/08/2011,2011,8,11,E2GI,GFF,20,0.149
11/08/2011,2011,8,11,E2GI,GFF,30,0.173
11/08/2011,2011,8,11,E2GI,GFF,40,0.674
11/08/2011,2011,8,11,E2GI,GFF,50,0.718
11/08/2011,2011,8,11,E2GI,GFF,75,0.257
11/08/2011,2011,8,11,E2GI,GFF,100,0.044
26/09/2011,2011,9,26,E2GI,0.2_um,0,0.17
26/09/2011,2011,9,26,E2GI,0.2_um,10,0.159
26/09/2011,2011,9,26,E2GI,0.2_um,20,0.15
26/09/2011,2011,9,26,E2GI,0.2_um,30,0.281
26/09/2011,2011,9,26,E2GI,0.2_um,40,0.508
26/09/2011,2011,9,26,E2GI,0.2_um,50,0.279
26/09/2011,2011,9,26,E2GI,0.2_um,75,0.052
26/09/2011,2011,9,26,E2GI,0.2_um,100,0.035
26/09/2011,2011,9,26,E2GI,2_um,0,0.116
26/09/2011,2011,9,26,E2GI,2_um,10,0.119
26/09/2011,2011,9,26,E2GI,2_um,20,0.111
26/09/2011,2011,9,26,E2GI,2_um,30,0.082
26/09/2011,2011,9,26,E2GI,2_um,40,0.407
26/09/2011,2011,9,26,E2GI,2_um,50,0.258
26/09/2011,2011,9,26,E2GI,2_um,75,0.096
26/09/2011,2011,9,26,E2GI,2_um,100,0.045
26/09/2011,2011,9,26,E2GI,20_um,0,0.047
26/09/2011,2011,9,26,E2GI,20_um,10,0.026
26/09/2011,2011,9,26,E2GI,20_um,20,0.031
26/09/2011,2011,9,26,E2GI,20_um,30,0.052
26/09/2011,2011,9,26,E2GI,20_um,40,0.062
26/09/2011,2011,9,26,E2GI,20_um,50,0.079
26/09/2011,2011,9,26,E2GI,20_um,75,0.043
26/09/2011,2011,9,26,E2GI,20_um,100,0.022
26/09/2011,2011,9,26,E2GI,GFF,0,0.188
26/09/2011,2011,9,26,E2GI,GFF,10,0.169
26/09/2011,2011,9,26,E2GI,GFF,20,0.208
26/09/2011,2011,9,26,E2GI,GFF,30,0.245
26/09/2011,2011,9,26,E2GI,GFF,40,0.858
26/09/2011,2011,9,26,E2GI,GFF,50,0.611
26/09/2011,2011,9,26,E2GI,GFF,75,0.099
26/09/2011,2011,9,26,E2GI,GFF,100,0.04
14/10/2011,2011,10,14,E2GI,0.2_um,0,0.296
14/10/2011,2011,10,14,E2GI,0.2_um,10,0.458
14/10/2011,2011,10,14,E2GI,0.2_um,20,0.596
14/10/2011,2011,10,14,E2GI,0.2_um,30,0.216
14/10/2011,2011,10,14,E2GI,0.2_um,40,0.145
14/10/2011,2011,10,14,E2GI,0.2_um,50,0.102
14/10/2011,2011,10,14,E2GI,0.2_um,75,0.054
14/10/2011,2011,10,14,E2GI,0.2_um,100,0.037
14/10/2011,2011,10,14,E2GI,2_um,0,0.233
14/10/2011,2011,10,14,E2GI,2_um,10,0.195
14/10/2011,2011,10,14,E2GI,2_um,20,0.347
14/10/2011,2011,10,14,E2GI,2_um,30,0.247
14/10/2011,2011,10,14,E2GI,2_um,40,0.191
14/10/2011,2011,10,14,E2GI,2_um,50,0.154
14/10/2011,2011,10,14,E2GI,2_um,75,0.059
14/10/2011,2011,10,14,E2GI,2_um,100,0.075
14/10/2011,2011,10,14,E2GI,20_um,0,0.062
14/10/2011,2011,10,14,E2GI,20_um,10,0.094
14/10/2011,2011,10,14,E2GI,20_um,20,0.079
14/10/2011,2011,10,14,E2GI,20_um,30,0.105
14/10/2011,2011,10,14,E2GI,20_um,40,0.047
14/10/2011,2011,10,14,E2GI,20_um,50,0.032
14/10/2011,2011,10,14,E2GI,20_um,75,0.029
14/10/2011,2011,10,14,E2GI,20_um,100,0.039
14/10/2011,2011,10,14,E2GI,GFF,0,0.496
14/10/2011,2011,10,14,E2GI,GFF,10,0.738
14/10/2011,2011,10,14,E2GI,GFF,20,1.162
14/10/2011,2011,10,14,E2GI,GFF,30,0.401
14/10/2011,2011,10,14,E2GI,GFF,40,0.241
14/10/2011,2011,10,14,E2GI,GFF,50,0.177
14/10/2011,2011,10,14,E2GI,GFF,75,0.071
14/10/2011,2011,10,14,E2GI,GFF,100,0.054
17/11/2011,2011,11,17,E2GI,0.2_um,0,0.262
17/11/2011,2011,11,17,E2GI,0.2_um,10,0.367
17/11/2011,2011,11,17,E2GI,0.2_um,20,0.369
17/11/2011,2011,11,17,E2GI,0.2_um,30,0.202
17/11/2011,2011,11,17,E2GI,0.2_um,40,0.187
17/11/2011,2011,11,17,E2GI,0.2_um,50,0.136
17/11/2011,2011,11,17,E2GI,0.2_um,75,0.182
17/11/2011,2011,11,17,E2GI,0.2_um,100,0.129
17/11/2011,2011,11,17,E2GI,2_um,0,0.208
17/11/2011,2011,11,17,E2GI,2_um,10,0.396
17/11/2011,2011,11,17,E2GI,2_um,20,0.263
17/11/2011,2011,11,17,E2GI,2_um,30,0.374
17/11/2011,2011,11,17,E2GI,2_um,40,0.28
17/11/2011,2011,11,17,E2GI,2_um,50,0.242
17/11/2011,2011,11,17,E2GI,2_um,75,0.166
17/11/2011,2011,11,17,E2GI,2_um,100,0.244
17/11/2011,2011,11,17,E2GI,20_um,0,0.077
17/11/2011,2011,11,17,E2GI,20_um,10,0.069
17/11/2011,2011,11,17,E2GI,20_um,20,0.065
17/11/2011,2011,11,17,E2GI,20_um,30,0.037
17/11/2011,2011,11,17,E2GI,20_um,40,0.027
17/11/2011,2011,11,17,E2GI,20_um,50,0.052
17/11/2011,2011,11,17,E2GI,20_um,75,0.025
17/11/2011,2011,11,17,E2GI,20_um,100,0.042
17/11/2011,2011,11,17,E2GI,GFF,0,0.516
17/11/2011,2011,11,17,E2GI,GFF,10,0.55
17/11/2011,2011,11,17,E2GI,GFF,20,0.614
17/11/2011,2011,11,17,E2GI,GFF,30,0.502
17/11/2011,2011,11,17,E2GI,GFF,40,0.338
17/11/2011,2011,11,17,E2GI,GFF,50,0.36
17/11/2011,2011,11,17,E2GI,GFF,75,0.312
17/11/2011,2011,11,17,E2GI,GFF,100,0.313
18/01/2012,2012,1,18,E2GI,0.2_um,0,0.221
18/01/2012,2012,1,18,E2GI,0.2_um,10,0.136
18/01/2012,2012,1,18,E2GI,0.2_um,20,0.191
18/01/2012,2012,1,18,E2GI,0.2_um,30,0.138
18/01/2012,2012,1,18,E2GI,0.2_um,40,0.13
18/01/2012,2012,1,18,E2GI,0.2_um,50,0.109
18/01/2012,2012,1,18,E2GI,0.2_um,75,0.108
18/01/2012,2012,1,18,E2GI,0.2_um,100,0.095
18/01/2012,2012,1,18,E2GI,2_um,0,0.172
18/01/2012,2012,1,18,E2GI,2_um,10,0.26
18/01/2012,2012,1,18,E2GI,2_um,20,0.155
18/01/2012,2012,1,18,E2GI,2_um,30,0.28
18/01/2012,2012,1,18,E2GI,2_um,40,0.264
18/01/2012,2012,1,18,E2GI,2_um,50,0.223
18/01/2012,2012,1,18,E2GI,2_um,75,0.254
18/01/2012,2012,1,18,E2GI,2_um,100,0.227
18/01/2012,2012,1,18,E2GI,20_um,0,0.045
18/01/2012,2012,1,18,E2GI,20_um,10,0.043
18/01/2012,2012,1,18,E2GI,20_um,20,0.046
18/01/2012,2012,1,18,E2GI,20_um,30,0.039
18/01/2012,2012,1,18,E2GI,20_um,40,0.04
18/01/2012,2012,1,18,E2GI,20_um,50,0.044
18/01/2012,2012,1,18,E2GI,20_um,75,0.046
18/01/2012,2012,1,18,E2GI,20_um,100,0.045
18/01/2012,2012,1,18,E2GI,GFF,0,0.381
18/01/2012,2012,1,18,E2GI,GFF,10,0.354
18/01/2012,2012,1,18,E2GI,GFF,20,0.368
18/01/2012,2012,1,18,E2GI,GFF,30,0.411
18/01/2012,2012,1,18,E2GI,GFF,40,0.371
18/01/2012,2012,1,18,E2GI,GFF,50,0.343
18/01/2012,2012,1,18,E2GI,GFF,75,0.405
18/01/2012,2012,1,18,E2GI,GFF,100,0.368
10/02/2012,2012,2,10,E2GI,0.2_um,0,0.165
10/02/2012,2012,2,10,E2GI,0.2_um,10,0.137
10/02/2012,2012,2,10,E2GI,0.2_um,20,0.12
10/02/2012,2012,2,10,E2GI,0.2_um,30,0.12
10/02/2012,2012,2,10,E2GI,0.2_um,40,0.143
10/02/2012,2012,2,10,E2GI,0.2_um,50,0.089
10/02/2012,2012,2,10,E2GI,0.2_um,75,0.08
10/02/2012,2012,2,10,E2GI,0.2_um,100,0.016
10/02/2012,2012,2,10,E2GI,2_um,0,0.186
10/02/2012,2012,2,10,E2GI,2_um,10,0.283
10/02/2012,2012,2,10,E2GI,2_um,20,0.266
10/02/2012,2012,2,10,E2GI,2_um,30,0.258
10/02/2012,2012,2,10,E2GI,2_um,40,0.159
10/02/2012,2012,2,10,E2GI,2_um,50,0.225
10/02/2012,2012,2,10,E2GI,2_um,75,0.141
10/02/2012,2012,2,10,E2GI,2_um,100,0.043
10/02/2012,2012,2,10,E2GI,20_um,0,0.057
10/02/2012,2012,2,10,E2GI,20_um,10,0.041
10/02/2012,2012,2,10,E2GI,20_um,20,0.049
10/02/2012,2012,2,10,E2GI,20_um,30,0.034
10/02/2012,2012,2,10,E2GI,20_um,40,0.08
10/02/2012,2012,2,10,E2GI,20_um,50,0.038
10/02/2012,2012,2,10,E2GI,20_um,75,0.043
10/02/2012,2012,2,10,E2GI,20_um,100,0.021
10/02/2012,2012,2,10,E2GI,GFF,0,1.737
10/02/2012,2012,2,10,E2GI,GFF,10,1.988
10/02/2012,2012,2,10,E2GI,GFF,20,1.897
10/02/2012,2012,2,10,E2GI,GFF,30,1.715
10/02/2012,2012,2,10,E2GI,GFF,40,1.715
10/02/2012,2012,2,10,E2GI,GFF,50,1.572
10/02/2012,2012,2,10,E2GI,GFF,75,1.017
10/02/2012,2012,2,10,E2GI,GFF,100,0.184
13/03/2012,2012,3,13,E2GI,0.2_um,0,0.166
13/03/2012,2012,3,13,E2GI,0.2_um,10,0.069
13/03/2012,2012,3,13,E2GI,0.2_um,20,0.078
13/03/2012,2012,3,13,E2GI,0.2_um,30,0.04
13/03/2012,2012,3,13,E2GI,0.2_um,40,0.072
13/03/2012,2012,3,13,E2GI,0.2_um,50,0.044
13/03/2012,2012,3,13,E2GI,0.2_um,75,0.021
13/03/2012,2012,3,13,E2GI,0.2_um,100,0.113
13/03/2012,2012,3,13,E2GI,2_um,0,0.323
13/03/2012,2012,3,13,E2GI,2_um,10,0.526
13/03/2012,2012,3,13,E2GI,2_um,20,0.279
13/03/2012,2012,3,13,E2GI,2_um,30,0.232
13/03/2012,2012,3,13,E2GI,2_um,40,0.118
13/03/2012,2012,3,13,E2GI,2_um,50,0.093
13/03/2012,2012,3,13,E2GI,2_um,75,0.107
13/03/2012,2012,3,13,E2GI,2_um,100,0.119
13/03/2012,2012,3,13,E2GI,20_um,0,0.682
13/03/2012,2012,3,13,E2GI,20_um,10,0.716
13/03/2012,2012,3,13,E2GI,20_um,20,0.187
13/03/2012,2012,3,13,E2GI,20_um,30,0.054
13/03/2012,2012,3,13,E2GI,20_um,40,0.041
13/03/2012,2012,3,13,E2GI,20_um,50,0.055
13/03/2012,2012,3,13,E2GI,20_um,75,0.077
13/03/2012,2012,3,13,E2GI,20_um,100,0.005
13/03/2012,2012,3,13,E2GI,GFF,0,1.025
13/03/2012,2012,3,13,E2GI,GFF,10,1.283
13/03/2012,2012,3,13,E2GI,GFF,20,0.503
13/03/2012,2012,3,13,E2GI,GFF,30,0.233
13/03/2012,2012,3,13,E2GI,GFF,40,0.192
13/03/2012,2012,3,13,E2GI,GFF,50,0.115
13/03/2012,2012,3,13,E2GI,GFF,75,0.1
13/03/2012,2012,3,13,E2GI,GFF,100,0.106
15/04/2012,2012,4,15,E2GI,0.2_um,0,0.266
15/04/2012,2012,4,15,E2GI,0.2_um,10,0.539
15/04/2012,2012,4,15,E2GI,0.2_um,20,0.354
15/04/2012,2012,4,15,E2GI,0.2_um,30,0.102
15/04/2012,2012,4,15,E2GI,0.2_um,40,0.256
15/04/2012,2012,4,15,E2GI,0.2_um,50,0.203
15/04/2012,2012,4,15,E2GI,0.2_um,75,0.103
15/04/2012,2012,4,15,E2GI,0.2_um,100,0.047
15/04/2012,2012,4,15,E2GI,2_um,0,0.332
15/04/2012,2012,4,15,E2GI,2_um,10,0.33
15/04/2012,2012,4,15,E2GI,2_um,20,0.017
15/04/2012,2012,4,15,E2GI,2_um,30,0.157
15/04/2012,2012,4,15,E2GI,2_um,40,0.207
15/04/2012,2012,4,15,E2GI,2_um,50,0.289
15/04/2012,2012,4,15,E2GI,2_um,75,0.202
15/04/2012,2012,4,15,E2GI,2_um,100,0.13
15/04/2012,2012,4,15,E2GI,20_um,0,0.238
15/04/2012,2012,4,15,E2GI,20_um,10,0.136
15/04/2012,2012,4,15,E2GI,20_um,20,0.067
15/04/2012,2012,4,15,E2GI,20_um,30,0.106
15/04/2012,2012,4,15,E2GI,20_um,40,0.041
15/04/2012,2012,4,15,E2GI,20_um,50,0.149
15/04/2012,2012,4,15,E2GI,20_um,75,0.124
15/04/2012,2012,4,15,E2GI,20_um,100,0.022
15/04/2012,2012,4,15,E2GI,GFF,0,0.825
15/04/2012,2012,4,15,E2GI,GFF,10,1.345
15/04/2012,2012,4,15,E2GI,GFF,20,0.578
15/04/2012,2012,4,15,E2GI,GFF,30,0.414
15/04/2012,2012,4,15,E2GI,GFF,40,0.448
15/04/2012,2012,4,15,E2GI,GFF,50,0.546
15/04/2012,2012,4,15,E2GI,GFF,75,0.297
15/04/2012,2012,4,15,E2GI,GFF,100,0.102
23/05/2012,2012,5,23,E2GI,0.2_um,0,0.019
23/05/2012,2012,5,23,E2GI,0.2_um,10,0.024
23/05/2012,2012,5,23,E2GI,0.2_um,20,0.017
23/05/2012,2012,5,23,E2GI,0.2_um,30,0.035
23/05/2012,2012,5,23,E2GI,0.2_um,40,0.159
23/05/2012,2012,5,23,E2GI,0.2_um,50,0.052
23/05/2012,2012,5,23,E2GI,0.2_um,75,0.116
23/05/2012,2012,5,23,E2GI,0.2_um,100,0.15
23/05/2012,2012,5,23,E2GI,2_um,0,0.06
23/05/2012,2012,5,23,E2GI,2_um,10,0.252
23/05/2012,2012,5,23,E2GI,2_um,20,0.057
23/05/2012,2012,5,23,E2GI,2_um,30,0.383
23/05/2012,2012,5,23,E2GI,2_um,40,0.739
23/05/2012,2012,5,23,E2GI,2_um,50,0.224
23/05/2012,2012,5,23,E2GI,2_um,75,0.261
23/05/2012,2012,5,23,E2GI,2_um,100,0.127
23/05/2012,2012,5,23,E2GI,20_um,0,0.421
23/05/2012,2012,5,23,E2GI,20_um,10,0.018
23/05/2012,2012,5,23,E2GI,20_um,20,0.27
23/05/2012,2012,5,23,E2GI,20_um,30,0.308
23/05/2012,2012,5,23,E2GI,20_um,40,0.175
23/05/2012,2012,5,23,E2GI,20_um,50,0.285
23/05/2012,2012,5,23,E2GI,20_um,75,0.716
23/05/2012,2012,5,23,E2GI,20_um,100,0.407
14/06/2012,2012,6,14,E2GI,0.2_um,0,0.043
14/06/2012,2012,6,14,E2GI,0.2_um,10,0.024
14/06/2012,2012,6,14,E2GI,0.2_um,20,0.026
14/06/2012,2012,6,14,E2GI,0.2_um,30,0.065
14/06/2012,2012,6,14,E2GI,0.2_um,40,0.112
14/06/2012,2012,6,14,E2GI,0.2_um,50,0.077
14/06/2012,2012,6,14,E2GI,0.2_um,75,0.046
14/06/2012,2012,6,14,E2GI,0.2_um,100,0.046
14/06/2012,2012,6,14,E2GI,2_um,0,0.068
14/06/2012,2012,6,14,E2GI,2_um,10,0.024
14/06/2012,2012,6,14,E2GI,2_um,20,0.174
14/06/2012,2012,6,14,E2GI,2_um,30,0.152
14/06/2012,2012,6,14,E2GI,2_um,40,0.292
14/06/2012,2012,6,14,E2GI,2_um,50,0.241
14/06/2012,2012,6,14,E2GI,2_um,75,0.142
14/06/2012,2012,6,14,E2GI,2_um,100,0.048
14/06/2012,2012,6,14,E2GI,20_um,0,0.05
14/06/2012,2012,6,14,E2GI,20_um,10,0.056
14/06/2012,2012,6,14,E2GI,20_um,20,0.047
14/06/2012,2012,6,14,E2GI,20_um,30,0.039
14/06/2012,2012,6,14,E2GI,20_um,40,0.099
14/06/2012,2012,6,14,E2GI,20_um,50,0.084
14/06/2012,2012,6,14,E2GI,20_um,75,0.023
14/06/2012,2012,6,14,E2GI,20_um,100,0.026
14/06/2012,2012,6,14,E2GI,GFF,0,0.032
14/06/2012,2012,6,14,E2GI,GFF,10,0.039
14/06/2012,2012,6,14,E2GI,GFF,20,0.045
14/06/2012,2012,6,14,E2GI,GFF,30,0.052
14/06/2012,2012,6,14,E2GI,GFF,40,0.092
14/06/2012,2012,6,14,E2GI,GFF,50,0.129
14/06/2012,2012,6,14,E2GI,GFF,75,0.053
14/06/2012,2012,6,14,E2GI,GFF,100,0.028
03/07/2012,2012,7,3,E2GI,0.2_um,0,0.037
03/07/2012,2012,7,3,E2GI,0.2_um,10,0.046
03/07/2012,2012,7,3,E2GI,0.2_um,20,0.069
03/07/2012,2012,7,3,E2GI,0.2_um,30,0.132
03/07/2012,2012,7,3,E2GI,0.2_um,40,0.364
03/07/2012,2012,7,3,E2GI,0.2_um,50,0.162
03/07/2012,2012,7,3,E2GI,0.2_um,75,0.064
03/07/2012,2012,7,3,E2GI,0.2_um,100,0.037
03/07/2012,2012,7,3,E2GI,2_um,0,0.061
03/07/2012,2012,7,3,E2GI,2_um,10,0.041
03/07/2012,2012,7,3,E2GI,2_um,20,0.056
03/07/2012,2012,7,3,E2GI,2_um,30,0.071
03/07/2012,2012,7,3,E2GI,2_um,40,0.12
03/07/2012,2012,7,3,E2GI,2_um,50,0.194
03/07/2012,2012,7,3,E2GI,2_um,75,0.087
03/07/2012,2012,7,3,E2GI,2_um,100,0.052
03/07/2012,2012,7,3,E2GI,20_um,0,0.017
03/07/2012,2012,7,3,E2GI,20_um,10,0.018
03/07/2012,2012,7,3,E2GI,20_um,20,0.038
03/07/2012,2012,7,3,E2GI,20_um,30,0.032
03/07/2012,2012,7,3,E2GI,20_um,40,0.047
03/07/2012,2012,7,3,E2GI,20_um,50,0.04
03/07/2012,2012,7,3,E2GI,20_um,75,0.033
03/07/2012,2012,7,3,E2GI,20_um,100,0.025
03/07/2012,2012,7,3,E2GI,GFF,0,0.06
03/07/2012,2012,7,3,E2GI,GFF,10,0.069
03/07/2012,2012,7,3,E2GI,GFF,20,0.092
03/07/2012,2012,7,3,E2GI,GFF,30,0.129
03/07/2012,2012,7,3,E2GI,GFF,40,0.328
03/07/2012,2012,7,3,E2GI,GFF,50,0.241
03/07/2012,2012,7,3,E2GI,GFF,75,0.112
03/07/2012,2012,7,3,E2GI,GFF,100,0.048
02/08/2012,2012,8,2,E2GI,0.2_um,0,0.136
02/08/2012,2012,8,2,E2GI,0.2_um,10,0.085
02/08/2012,2012,8,2,E2GI,0.2_um,20,0.175
02/08/2012,2012,8,2,E2GI,0.2_um,30,0.087
02/08/2012,2012,8,2,E2GI,0.2_um,40,0.644
02/08/2012,2012,8,2,E2GI,0.2_um,50,0.61
02/08/2012,2012,8,2,E2GI,0.2_um,75,0.204
02/08/2012,2012,8,2,E2GI,0.2_um,100,0.112
02/08/2012,2012,8,2,E2GI,2_um,0,0.175
02/08/2012,2012,8,2,E2GI,2_um,10,0.164
02/08/2012,2012,8,2,E2GI,2_um,20,0.138
02/08/2012,2012,8,2,E2GI,2_um,30,0.261
02/08/2012,2012,8,2,E2GI,2_um,40,0.085
02/08/2012,2012,8,2,E2GI,2_um,50,0.824
02/08/2012,2012,8,2,E2GI,2_um,75,0.55
02/08/2012,2012,8,2,E2GI,2_um,100,0.248
02/08/2012,2012,8,2,E2GI,20_um,0,0.049
02/08/2012,2012,8,2,E2GI,20_um,10,0.143
02/08/2012,2012,8,2,E2GI,20_um,20,0.068
02/08/2012,2012,8,2,E2GI,20_um,30,0.08
02/08/2012,2012,8,2,E2GI,20_um,40,0.305
02/08/2012,2012,8,2,E2GI,20_um,50,0.13
02/08/2012,2012,8,2,E2GI,20_um,75,0.058
02/08/2012,2012,8,2,E2GI,20_um,100,0.069
02/08/2012,2012,8,2,E2GI,GFF,0,0.224
02/08/2012,2012,8,2,E2GI,GFF,10,0.332
02/08/2012,2012,8,2,E2GI,GFF,20,0.354
02/08/2012,2012,8,2,E2GI,GFF,30,0.424
02/08/2012,2012,8,2,E2GI,GFF,40,0.781
02/08/2012,2012,8,2,E2GI,GFF,50,1.616
02/08/2012,2012,8,2,E2GI,GFF,75,0.741
02/08/2012,2012,8,2,E2GI,GFF,100,0.289
11/09/2012,2012,9,11,E2GI,0.2_um,0,0.145
11/09/2012,2012,9,11,E2GI,0.2_um,10,0.636
11/09/2012,2012,9,11,E2GI,0.2_um,20,0.732
11/09/2012,2012,9,11,E2GI,0.2_um,30,0.497
11/09/2012,2012,9,11,E2GI,0.2_um,40,0.483
11/09/2012,2012,9,11,E2GI,0.2_um,50,0.373
11/09/2012,2012,9,11,E2GI,0.2_um,75,0.21
11/09/2012,2012,9,11,E2GI,0.2_um,100,0.171
11/09/2012,2012,9,11,E2GI,2_um,0,0.265
11/09/2012,2012,9,11,E2GI,2_um,10,0.577
11/09/2012,2012,9,11,E2GI,2_um,20,1.214
11/09/2012,2012,9,11,E2GI,2_um,30,0.799
11/09/2012,2012,9,11,E2GI,2_um,40,0.615
11/09/2012,2012,9,11,E2GI,2_um,50,0.663
11/09/2012,2012,9,11,E2GI,2_um,75,0.289
11/09/2012,2012,9,11,E2GI,2_um,100,0.224
11/09/2012,2012,9,11,E2GI,20_um,0,0.088
11/09/2012,2012,9,11,E2GI,20_um,10,0.42
11/09/2012,2012,9,11,E2GI,20_um,20,0.596
11/09/2012,2012,9,11,E2GI,20_um,30,0.42
11/09/2012,2012,9,11,E2GI,20_um,40,0.255
11/09/2012,2012,9,11,E2GI,20_um,50,0.181
11/09/2012,2012,9,11,E2GI,20_um,75,0.139
11/09/2012,2012,9,11,E2GI,20_um,100,0.125
11/09/2012,2012,9,11,E2GI,GFF,0,0.39
11/09/2012,2012,9,11,E2GI,GFF,10,1.077
11/09/2012,2012,9,11,E2GI,GFF,20,1.918
11/09/2012,2012,9,11,E2GI,GFF,30,1.201
11/09/2012,2012,9,11,E2GI,GFF,40,0.978
11/09/2012,2012,9,11,E2GI,GFF,50,0.666
11/09/2012,2012,9,11,E2GI,GFF,75,0.375
11/09/2012,2012,9,11,E2GI,GFF,100,0.38
19/10/2012,2012,10,19,E2GI,0.2_um,0,0.461
19/10/2012,2012,10,19,E2GI,0.2_um,10,0.38
19/10/2012,2012,10,19,E2GI,0.2_um,20,0.262
19/10/2012,2012,10,19,E2GI,0.2_um,30,0.353
19/10/2012,2012,10,19,E2GI,0.2_um,40,0.421
19/10/2012,2012,10,19,E2GI,0.2_um,50,0.342
19/10/2012,2012,10,19,E2GI,0.2_um,75,0.101
19/10/2012,2012,10,19,E2GI,0.2_um,100,0.063
19/10/2012,2012,10,19,E2GI,2_um,0,0.225
19/10/2012,2012,10,19,E2GI,2_um,10,0.371
19/10/2012,2012,10,19,E2GI,2_um,20,0.331
19/10/2012,2012,10,19,E2GI,2_um,30,0.276
19/10/2012,2012,10,19,E2GI,2_um,40,0.357
19/10/2012,2012,10,19,E2GI,2_um,50,0.256
19/10/2012,2012,10,19,E2GI,2_um,75,0.23
19/10/2012,2012,10,19,E2GI,2_um,100,0.141
19/10/2012,2012,10,19,E2GI,20_um,0,0.093
19/10/2012,2012,10,19,E2GI,20_um,10,0.099
19/10/2012,2012,10,19,E2GI,20_um,20,0.098
19/10/2012,2012,10,19,E2GI,20_um,30,0.105
19/10/2012,2012,10,19,E2GI,20_um,40,0.107
19/10/2012,2012,10,19,E2GI,20_um,50,0.112
19/10/2012,2012,10,19,E2GI,20_um,75,0.056
19/10/2012,2012,10,19,E2GI,20_um,100,0.066
19/10/2012,2012,10,19,E2GI,GFF,0,0.716
19/10/2012,2012,10,19,E2GI,GFF,10,0.77
19/10/2012,2012,10,19,E2GI,GFF,30,0.813
19/10/2012,2012,10,19,E2GI,GFF,40,0.374
19/10/2012,2012,10,19,E2GI,GFF,50,0.79
19/10/2012,2012,10,19,E2GI,GFF,75,0.463
19/10/2012,2012,10,19,E2GI,GFF,100,0.744
15/11/2012,2012,11,15,E2GI,0.2_um,0,0.481
15/11/2012,2012,11,15,E2GI,0.2_um,10,0.432
15/11/2012,2012,11,15,E2GI,0.2_um,20,0.489
15/11/2012,2012,11,15,E2GI,0.2_um,30,0.491
15/11/2012,2012,11,15,E2GI,0.2_um,40,0.458
15/11/2012,2012,11,15,E2GI,0.2_um,50,0.468
15/11/2012,2012,11,15,E2GI,0.2_um,75,0.072
15/11/2012,2012,11,15,E2GI,0.2_um,100,0.083
15/11/2012,2012,11,15,E2GI,2_um,0,0.342
15/11/2012,2012,11,15,E2GI,2_um,10,0.303
15/11/2012,2012,11,15,E2GI,2_um,20,0.648
15/11/2012,2012,11,15,E2GI,2_um,30,0.407
15/11/2012,2012,11,15,E2GI,2_um,40,0.347
15/11/2012,2012,11,15,E2GI,2_um,50,0.235
15/11/2012,2012,11,15,E2GI,2_um,75,0.125
15/11/2012,2012,11,15,E2GI,2_um,100,0.104
15/11/2012,2012,11,15,E2GI,20_um,0,0.199
15/11/2012,2012,11,15,E2GI,20_um,10,0.084
15/11/2012,2012,11,15,E2GI,20_um,20,0.066
15/11/2012,2012,11,15,E2GI,20_um,30,0.046
15/11/2012,2012,11,15,E2GI,20_um,40,0.074
15/11/2012,2012,11,15,E2GI,20_um,50,0.044
15/11/2012,2012,11,15,E2GI,20_um,75,0.048
15/11/2012,2012,11,15,E2GI,20_um,100,0.028
15/11/2012,2012,11,15,E2GI,GFF,0,1.073
15/11/2012,2012,11,15,E2GI,GFF,10,1.324
15/11/2012,2012,11,15,E2GI,GFF,20,1.422
15/11/2012,2012,11,15,E2GI,GFF,30,1.256
15/11/2012,2012,11,15,E2GI,GFF,40,1.202
15/11/2012,2012,11,15,E2GI,GFF,50,0.964
15/11/2012,2012,11,15,E2GI,GFF,75,0.177
15/11/2012,2012,11,15,E2GI,GFF,100,0.063
11/12/2012,2012,12,11,E2GI,0.2_um,0,0.567
11/12/2012,2012,12,11,E2GI,0.2_um,10,0.633
11/12/2012,2012,12,11,E2GI,0.2_um,20,0.393
11/12/2012,2012,12,11,E2GI,0.2_um,30,0.23
11/12/2012,2012,12,11,E2GI,0.2_um,40,0.112
11/12/2012,2012,12,11,E2GI,0.2_um,50,0.079
11/12/2012,2012,12,11,E2GI,0.2_um,75,0.111
11/12/2012,2012,12,11,E2GI,0.2_um,100,0.102
11/12/2012,2012,12,11,E2GI,2_um,0,0.736
11/12/2012,2012,12,11,E2GI,2_um,10,0.599
11/12/2012,2012,12,11,E2GI,2_um,20,0.399
11/12/2012,2012,12,11,E2GI,2_um,30,0.539
11/12/2012,2012,12,11,E2GI,2_um,40,0.297
11/12/2012,2012,12,11,E2GI,2_um,50,0.34
11/12/2012,2012,12,11,E2GI,2_um,75,0.627
11/12/2012,2012,12,11,E2GI,2_um,100,0.26
11/12/2012,2012,12,11,E2GI,20_um,0,0.217
11/12/2012,2012,12,11,E2GI,20_um,10,0.119
11/12/2012,2012,12,11,E2GI,20_um,20,0.06
11/12/2012,2012,12,11,E2GI,20_um,30,0.099
11/12/2012,2012,12,11,E2GI,20_um,40,0.062
11/12/2012,2012,12,11,E2GI,20_um,50,0.068
11/12/2012,2012,12,11,E2GI,20_um,75,0.1
11/12/2012,2012,12,11,E2GI,20_um,100,0.059
11/12/2012,2012,12,11,E2GI,GFF,0,1.806
11/12/2012,2012,12,11,E2GI,GFF,10,1.048
11/12/2012,2012,12,11,E2GI,GFF,20,0.728
11/12/2012,2012,12,11,E2GI,GFF,30,0.619
11/12/2012,2012,12,11,E2GI,GFF,40,0.573
11/12/2012,2012,12,11,E2GI,GFF,50,0.523
11/12/2012,2012,12,11,E2GI,GFF,75,0.543
11/12/2012,2012,12,11,E2GI,GFF,100,0.192
20/02/2013,2013,2,20,E2GI,0.2_um,0,0.857
20/02/2013,2013,2,20,E2GI,0.2_um,10,1.116
20/02/2013,2013,2,20,E2GI,0.2_um,20,0.181
20/02/2013,2013,2,20,E2GI,0.2_um,30,0.725
20/02/2013,2013,2,20,E2GI,0.2_um,40,0.149
20/02/2013,2013,2,20,E2GI,0.2_um,50,0.19
20/02/2013,2013,2,20,E2GI,0.2_um,75,0.196
20/02/2013,2013,2,20,E2GI,0.2_um,100,0.159
20/02/2013,2013,2,20,E2GI,2_um,0,0.775
20/02/2013,2013,2,20,E2GI,2_um,10,0.643
20/02/2013,2013,2,20,E2GI,2_um,20,1.046
20/02/2013,2013,2,20,E2GI,2_um,30,0.378
20/02/2013,2013,2,20,E2GI,2_um,40,0.382
20/02/2013,2013,2,20,E2GI,2_um,50,0.269
20/02/2013,2013,2,20,E2GI,2_um,75,0.217
20/02/2013,2013,2,20,E2GI,2_um,100,0.475
20/02/2013,2013,2,20,E2GI,20_um,0,0.585
20/02/2013,2013,2,20,E2GI,20_um,10,0.662
20/02/2013,2013,2,20,E2GI,20_um,20,0.448
20/02/2013,2013,2,20,E2GI,20_um,30,0.138
20/02/2013,2013,2,20,E2GI,20_um,40,0.103
20/02/2013,2013,2,20,E2GI,20_um,50,0.069
20/02/2013,2013,2,20,E2GI,20_um,75,0.121
20/02/2013,2013,2,20,E2GI,20_um,100,0.946
20/02/2013,2013,2,20,E2GI,GFF,0,2.546
20/02/2013,2013,2,20,E2GI,GFF,10,2.577
20/02/2013,2013,2,20,E2GI,GFF,20,1.587
20/02/2013,2013,2,20,E2GI,GFF,30,0.633
20/02/2013,2013,2,20,E2GI,GFF,40,0.654
20/02/2013,2013,2,20,E2GI,GFF,50,0.602
20/02/2013,2013,2,20,E2GI,GFF,75,0.338
20/02/2013,2013,2,20,E2GI,GFF,100,0.316
15/03/2013,2013,3,15,E2GI,0.2_um,0,0.292
15/03/2013,2013,3,15,E2GI,0.2_um,10,0.504
15/03/2013,2013,3,15,E2GI,0.2_um,20,0.071
15/03/2013,2013,3,15,E2GI,0.2_um,30,0.069
15/03/2013,2013,3,15,E2GI,0.2_um,40,0.448
15/03/2013,2013,3,15,E2GI,0.2_um,50,0.183
15/03/2013,2013,3,15,E2GI,0.2_um,75,0.16
15/03/2013,2013,3,15,E2GI,0.2_um,100,0.372
15/03/2013,2013,3,15,E2GI,2_um,0,0.663
15/03/2013,2013,3,15,E2GI,2_um,10,0.03
15/03/2013,2013,3,15,E2GI,2_um,20,0.34
15/03/2013,2013,3,15,E2GI,2_um,30,0.25
15/03/2013,2013,3,15,E2GI,2_um,40,0.227
15/03/2013,2013,3,15,E2GI,2_um,50,0.157
15/03/2013,2013,3,15,E2GI,2_um,75,0.167
15/03/2013,2013,3,15,E2GI,2_um,100,0.305
15/03/2013,2013,3,15,E2GI,20_um,0,0.063
15/03/2013,2013,3,15,E2GI,20_um,10,0.321
15/03/2013,2013,3,15,E2GI,20_um,20,0.101
15/03/2013,2013,3,15,E2GI,20_um,30,0.141
15/03/2013,2013,3,15,E2GI,20_um,40,0.138
15/03/2013,2013,3,15,E2GI,20_um,50,0.1
15/03/2013,2013,3,15,E2GI,20_um,75,0.123
15/03/2013,2013,3,15,E2GI,20_um,100,0.048
15/03/2013,2013,3,15,E2GI,GFF,0,0.934
15/03/2013,2013,3,15,E2GI,GFF,10,0.499
15/03/2013,2013,3,15,E2GI,GFF,20,0.369
15/03/2013,2013,3,15,E2GI,GFF,30,0.407
15/03/2013,2013,3,15,E2GI,GFF,40,0.411
15/03/2013,2013,3,15,E2GI,GFF,50,0.355
15/03/2013,2013,3,15,E2GI,GFF,75,0.321
15/03/2013,2013,3,15,E2GI,GFF,100,0.379
15/04/2013,2013,4,15,E2GI,0.2_um,0,0.87
15/04/2013,2013,4,15,E2GI,0.2_um,10,0.642
15/04/2013,2013,4,15,E2GI,0.2_um,20,0.394
15/04/2013,2013,4,15,E2GI,0.2_um,30,0.703
15/04/2013,2013,4,15,E2GI,0.2_um,40,0.611
15/04/2013,2013,4,15,E2GI,0.2_um,50,0.641
15/04/2013,2013,4,15,E2GI,0.2_um,75,0.461
15/04/2013,2013,4,15,E2GI,0.2_um,100,0.282
15/04/2013,2013,4,15,E2GI,2_um,0,0.563
15/04/2013,2013,4,15,E2GI,2_um,10,0.473
15/04/2013,2013,4,15,E2GI,2_um,20,0.362
15/04/2013,2013,4,15,E2GI,2_um,30,0.456
15/04/2013,2013,4,15,E2GI,2_um,40,0.617
15/04/2013,2013,4,15,E2GI,2_um,50,0.466
15/04/2013,2013,4,15,E2GI,2_um,75,0.416
15/04/2013,2013,4,15,E2GI,2_um,100,0.1
15/04/2013,2013,4,15,E2GI,20_um,0,0.102
15/04/2013,2013,4,15,E2GI,20_um,10,0.033
15/04/2013,2013,4,15,E2GI,20_um,20,0.067
15/04/2013,2013,4,15,E2GI,20_um,30,0.085
15/04/2013,2013,4,15,E2GI,20_um,40,0.077
15/04/2013,2013,4,15,E2GI,20_um,50,0.024
15/04/2013,2013,4,15,E2GI,20_um,75,0.05
15/04/2013,2013,4,15,E2GI,20_um,100,0.029
15/04/2013,2013,4,15,E2GI,GFF,0,2.141
15/04/2013,2013,4,15,E2GI,GFF,10,1.409
15/04/2013,2013,4,15,E2GI,GFF,20,1.096
15/04/2013,2013,4,15,E2GI,GFF,30,1.712
15/04/2013,2013,4,15,E2GI,GFF,40,1.656
15/04/2013,2013,4,15,E2GI,GFF,50,1.412
15/04/2013,2013,4,15,E2GI,GFF,75,1.175
15/04/2013,2013,4,15,E2GI,GFF,100,0.459
03/05/2013,2013,5,3,E2GI,0.2_um,0,0.155
03/05/2013,2013,5,3,E2GI,0.2_um,10,0.611
03/05/2013,2013,5,3,E2GI,0.2_um,20,0.025
03/05/2013,2013,5,3,E2GI,0.2_um,30,0.473
03/05/2013,2013,5,3,E2GI,0.2_um,40,0.297
03/05/2013,2013,5,3,E2GI,0.2_um,50,0.521
03/05/2013,2013,5,3,E2GI,0.2_um,75,0.193
03/05/2013,2013,5,3,E2GI,0.2_um,100,0.066
03/05/2013,2013,5,3,E2GI,2_um,0,1.38
03/05/2013,2013,5,3,E2GI,2_um,10,1.228
03/05/2013,2013,5,3,E2GI,2_um,20,0.926
03/05/2013,2013,5,3,E2GI,2_um,30,0.398
03/05/2013,2013,5,3,E2GI,2_um,40,0.662
03/05/2013,2013,5,3,E2GI,2_um,50,0.214
03/05/2013,2013,5,3,E2GI,2_um,75,0.258
03/05/2013,2013,5,3,E2GI,2_um,100,0.206
03/05/2013,2013,5,3,E2GI,20_um,0,1.615
03/05/2013,2013,5,3,E2GI,20_um,10,2.405
03/05/2013,2013,5,3,E2GI,20_um,20,1.246
03/05/2013,2013,5,3,E2GI,20_um,30,0.188
03/05/2013,2013,5,3,E2GI,20_um,40,0.141
03/05/2013,2013,5,3,E2GI,20_um,50,0.074
03/05/2013,2013,5,3,E2GI,20_um,75,0.159
03/05/2013,2013,5,3,E2GI,20_um,100,0.076
03/05/2013,2013,5,3,E2GI,GFF,0,3.96
03/05/2013,2013,5,3,E2GI,GFF,10,4.967
03/05/2013,2013,5,3,E2GI,GFF,20,2.505
03/05/2013,2013,5,3,E2GI,GFF,30,0.824
03/05/2013,2013,5,3,E2GI,GFF,40,0.463
03/05/2013,2013,5,3,E2GI,GFF,50,0.297
03/05/2013,2013,5,3,E2GI,GFF,75,0.092
03/05/2013,2013,5,3,E2GI,GFF,100,0.102
12/06/2013,2013,6,12,E2GI,0.2_um,0,0.169
12/06/2013,2013,6,12,E2GI,0.2_um,10,0.113
12/06/2013,2013,6,12,E2GI,0.2_um,30,0.267
12/06/2013,2013,6,12,E2GI,0.2_um,40,0.241
12/06/2013,2013,6,12,E2GI,0.2_um,50,0.107
12/06/2013,2013,6,12,E2GI,0.2_um,75,0.113
12/06/2013,2013,6,12,E2GI,0.2_um,100,0.068
12/06/2013,2013,6,12,E2GI,2_um,0,0.163
12/06/2013,2013,6,12,E2GI,2_um,10,0.094
12/06/2013,2013,6,12,E2GI,2_um,20,0.096
12/06/2013,2013,6,12,E2GI,2_um,30,0.241
12/06/2013,2013,6,12,E2GI,2_um,40,0.188
12/06/2013,2013,6,12,E2GI,2_um,50,0.308
12/06/2013,2013,6,12,E2GI,2_um,75,0.155
12/06/2013,2013,6,12,E2GI,2_um,100,0.218
12/06/2013,2013,6,12,E2GI,20_um,0,1.053
12/06/2013,2013,6,12,E2GI,20_um,10,0.197
12/06/2013,2013,6,12,E2GI,20_um,20,0.24
12/06/2013,2013,6,12,E2GI,20_um,30,0.017
12/06/2013,2013,6,12,E2GI,20_um,40,0.352
12/06/2013,2013,6,12,E2GI,20_um,50,1.397
12/06/2013,2013,6,12,E2GI,20_um,75,0.359
12/06/2013,2013,6,12,E2GI,20_um,100,0.411
12/06/2013,2013,6,12,E2GI,GFF,0,1.383
12/06/2013,2013,6,12,E2GI,GFF,10,0.569
12/06/2013,2013,6,12,E2GI,GFF,20,0.467
12/06/2013,2013,6,12,E2GI,GFF,30,0.612
12/06/2013,2013,6,12,E2GI,GFF,40,0.928
12/06/2013,2013,6,12,E2GI,GFF,50,2.236
12/06/2013,2013,6,12,E2GI,GFF,75,0.604
12/06/2013,2013,6,12,E2GI,GFF,100,0.826
14/07/2013,2013,7,14,E2GI,0.2_um,0,0.105
14/07/2013,2013,7,14,E2GI,0.2_um,10,0.176
14/07/2013,2013,7,14,E2GI,0.2_um,20,0.168
14/07/2013,2013,7,14,E2GI,0.2_um,30,0.658
14/07/2013,2013,7,14,E2GI,0.2_um,40,0.11
14/07/2013,2013,7,14,E2GI,0.2_um,50,0.427
14/07/2013,2013,7,14,E2GI,0.2_um,75,0.115
14/07/2013,2013,7,14,E2GI,0.2_um,100,0.121
14/07/2013,2013,7,14,E2GI,2_um,0,0.145
14/07/2013,2013,7,14,E2GI,2_um,10,0.084
14/07/2013,2013,7,14,E2GI,2_um,20,0.051
14/07/2013,2013,7,14,E2GI,2_um,30,0.122
14/07/2013,2013,7,14,E2GI,2_um,40,0.123
14/07/2013,2013,7,14,E2GI,2_um,50,0.142
14/07/2013,2013,7,14,E2GI,2_um,75,0.165
14/07/2013,2013,7,14,E2GI,2_um,100,0.266
14/07/2013,2013,7,14,E2GI,20_um,0,0.081
14/07/2013,2013,7,14,E2GI,20_um,10,0.015
14/07/2013,2013,7,14,E2GI,20_um,20,0.036
14/07/2013,2013,7,14,E2GI,20_um,30,0.074
14/07/2013,2013,7,14,E2GI,20_um,40,0.173
14/07/2013,2013,7,14,E2GI,20_um,50,0.11
14/07/2013,2013,7,14,E2GI,20_um,75,0.108
14/07/2013,2013,7,14,E2GI,20_um,100,0.504
14/07/2013,2013,7,14,E2GI,GFF,0,0.328
14/07/2013,2013,7,14,E2GI,GFF,10,0.194
14/07/2013,2013,7,14,E2GI,GFF,20,0.233
14/07/2013,2013,7,14,E2GI,GFF,30,0.827
14/07/2013,2013,7,14,E2GI,GFF,40,0.721
14/07/2013,2013,7,14,E2GI,GFF,50,0.743
14/07/2013,2013,7,14,E2GI,GFF,75,0.361
14/07/2013,2013,7,14,E2GI,GFF,100,1.111
29/08/2013,2013,8,29,E2GI,0.2_um,0,0.105
29/08/2013,2013,8,29,E2GI,0.2_um,10,0.219
29/08/2013,2013,8,29,E2GI,0.2_um,20,0.172
29/08/2013,2013,8,29,E2GI,0.2_um,30,0.767
29/08/2013,2013,8,29,E2GI,0.2_um,40,0.686
29/08/2013,2013,8,29,E2GI,0.2_um,50,0.511
29/08/2013,2013,8,29,E2GI,0.2_um,75,0.114
29/08/2013,2013,8,29,E2GI,0.2_um,100,0.058
29/08/2013,2013,8,29,E2GI,2_um,0,0.102
29/08/2013,2013,8,29,E2GI,2_um,10,0.104
29/08/2013,2013,8,29,E2GI,2_um,20,0.274
29/08/2013,2013,8,29,E2GI,2_um,30,0.523
29/08/2013,2013,8,29,E2GI,2_um,40,0.453
29/08/2013,2013,8,29,E2GI,2_um,50,0.21
29/08/2013,2013,8,29,E2GI,2_um,75,0.09
29/08/2013,2013,8,29,E2GI,2_um,100,0.079
29/08/2013,2013,8,29,E2GI,20_um,0,0.056
29/08/2013,2013,8,29,E2GI,20_um,10,0.09
29/08/2013,2013,8,29,E2GI,20_um,20,0.082
29/08/2013,2013,8,29,E2GI,20_um,30,0.071
29/08/2013,2013,8,29,E2GI,20_um,40,0.125
29/08/2013,2013,8,29,E2GI,20_um,50,0.068
29/08/2013,2013,8,29,E2GI,20_um,75,0.05
29/08/2013,2013,8,29,E2GI,20_um,100,0.056
29/08/2013,2013,8,29,E2GI,GFF,0,0.311
29/08/2013,2013,8,29,E2GI,GFF,10,0.355
29/08/2013,2013,8,29,E2GI,GFF,20,0.653
29/08/2013,2013,8,29,E2GI,GFF,30,1.49
29/08/2013,2013,8,29,E2GI,GFF,40,1.565
29/08/2013,2013,8,29,E2GI,GFF,50,0.884
29/08/2013,2013,8,29,E2GI,GFF,75,0.198
29/08/2013,2013,8,29,E2GI,GFF,100,0.097
19/09/2013,2013,9,19,E2GI,0.2_um,0,0.073
19/09/2013,2013,9,19,E2GI,0.2_um,10,0.162
19/09/2013,2013,9,19,E2GI,0.2_um,20,0.712
19/09/2013,2013,9,19,E2GI,0.2_um,30,1.063
19/09/2013,2013,9,19,E2GI,0.2_um,40,0.593
19/09/2013,2013,9,19,E2GI,0.2_um,50,0.449
19/09/2013,2013,9,19,E2GI,0.2_um,75,0.246
19/09/2013,2013,9,19,E2GI,0.2_um,100,0.108
19/09/2013,2013,9,19,E2GI,2_um,0,0.148
19/09/2013,2013,9,19,E2GI,2_um,10,0.148
19/09/2013,2013,9,19,E2GI,2_um,20,1.22
19/09/2013,2013,9,19,E2GI,2_um,30,0.066
19/09/2013,2013,9,19,E2GI,2_um,40,0.041
19/09/2013,2013,9,19,E2GI,2_um,50,0.095
19/09/2013,2013,9,19,E2GI,20_um,0,0.012
19/09/2013,2013,9,19,E2GI,20_um,10,0.082
19/09/2013,2013,9,19,E2GI,20_um,20,0.117
19/09/2013,2013,9,19,E2GI,20_um,30,0.205
19/09/2013,2013,9,19,E2GI,20_um,40,0.097
19/09/2013,2013,9,19,E2GI,20_um,50,0.063
19/09/2013,2013,9,19,E2GI,20_um,75,0.092
19/09/2013,2013,9,19,E2GI,20_um,100,0.053
19/09/2013,2013,9,19,E2GI,GFF,0,0.231
19/09/2013,2013,9,19,E2GI,GFF,10,0.479
19/09/2013,2013,9,19,E2GI,GFF,20,2.305
19/09/2013,2013,9,19,E2GI,GFF,30,1.734
19/09/2013,2013,9,19,E2GI,GFF,40,0.389
19/09/2013,2013,9,19,E2GI,GFF,50,0.651
19/09/2013,2013,9,19,E2GI,GFF,75,0.357
19/09/2013,2013,9,19,E2GI,GFF,100,0.197
06/10/2013,2013,10,6,E2GI,0.2_um,0,0.081
06/10/2013,2013,10,6,E2GI,0.2_um,10,0.106
06/10/2013,2013,10,6,E2GI,0.2_um,20,0.12
06/10/2013,2013,10,6,E2GI,0.2_um,30,0.158
06/10/2013,2013,10,6,E2GI,0.2_um,40,0.168
06/10/2013,2013,10,6,E2GI,0.2_um,50,0.069
06/10/2013,2013,10,6,E2GI,0.2_um,75,0.108
06/10/2013,2013,10,6,E2GI,0.2_um,100,0.101
06/10/2013,2013,10,6,E2GI,2_um,0,0.16
06/10/2013,2013,10,6,E2GI,2_um,10,0.138
06/10/2013,2013,10,6,E2GI,2_um,20,0.254
06/10/2013,2013,10,6,E2GI,2_um,30,0.305
06/10/2013,2013,10,6,E2GI,2_um,40,0.222
06/10/2013,2013,10,6,E2GI,2_um,50,0.191
06/10/2013,2013,10,6,E2GI,2_um,75,0.152
06/10/2013,2013,10,6,E2GI,2_um,100,0.113
06/10/2013,2013,10,6,E2GI,20_um,0,0.028
06/10/2013,2013,10,6,E2GI,20_um,10,0.045
06/10/2013,2013,10,6,E2GI,20_um,20,0.159
06/10/2013,2013,10,6,E2GI,20_um,30,0.127
06/10/2013,2013,10,6,E2GI,20_um,40,0.11
06/10/2013,2013,10,6,E2GI,20_um,50,0.117
06/10/2013,2013,10,6,E2GI,20_um,75,0.061
06/10/2013,2013,10,6,E2GI,20_um,100,0.041
06/10/2013,2013,10,6,E2GI,GFF,0,0.102
06/10/2013,2013,10,6,E2GI,GFF,10,0.084
06/10/2013,2013,10,6,E2GI,GFF,20,0.308
06/10/2013,2013,10,6,E2GI,GFF,30,0.395
06/10/2013,2013,10,6,E2GI,GFF,40,0.242
06/10/2013,2013,10,6,E2GI,GFF,75,0.204
06/10/2013,2013,10,6,E2GI,GFF,100,0.153
06/11/2013,2013,11,6,E2GI,0.2_um,0,0.974
06/11/2013,2013,11,6,E2GI,0.2_um,10,0.822
06/11/2013,2013,11,6,E2GI,0.2_um,20,0.795
06/11/2013,2013,11,6,E2GI,0.2_um,30,1.18
06/11/2013,2013,11,6,E2GI,0.2_um,40,0.681
06/11/2013,2013,11,6,E2GI,0.2_um,75,0.016
06/11/2013,2013,11,6,E2GI,0.2_um,100,0.15
06/11/2013,2013,11,6,E2GI,2_um,0,0.333
06/11/2013,2013,11,6,E2GI,2_um,10,0.513
06/11/2013,2013,11,6,E2GI,2_um,20,0.366
06/11/2013,2013,11,6,E2GI,2_um,30,0.231
06/11/2013,2013,11,6,E2GI,2_um,40,0.392
06/11/2013,2013,11,6,E2GI,2_um,75,0.108
06/11/2013,2013,11,6,E2GI,2_um,100,0.032
06/11/2013,2013,11,6,E2GI,20_um,0,0.062
06/11/2013,2013,11,6,E2GI,20_um,10,0.038
06/11/2013,2013,11,6,E2GI,20_um,20,0.071
06/11/2013,2013,11,6,E2GI,20_um,30,0.044
06/11/2013,2013,11,6,E2GI,20_um,40,0.03
06/11/2013,2013,11,6,E2GI,20_um,75,0.264
06/11/2013,2013,11,6,E2GI,20_um,100,0.033
06/11/2013,2013,11,6,E2GI,GFF,0,1.772
06/11/2013,2013,11,6,E2GI,GFF,10,1.658
06/11/2013,2013,11,6,E2GI,GFF,20,1.61
06/11/2013,2013,11,6,E2GI,GFF,30,1.67
06/11/2013,2013,11,6,E2GI,GFF,40,1.536
06/11/2013,2013,11,6,E2GI,GFF,50,1.325
06/11/2013,2013,11,6,E2GI,GFF,75,0.292
06/11/2013,2013,11,6,E2GI,GFF,100,0.181
01/12/2013,2013,12,1,E2GI,0.2_um,0,0.697
01/12/2013,2013,12,1,E2GI,0.2_um,10,0.586
01/12/2013,2013,12,1,E2GI,0.2_um,20,0.688
01/12/2013,2013,12,1,E2GI,0.2_um,30,0.44
01/12/2013,2013,12,1,E2GI,0.2_um,40,0.135
01/12/2013,2013,12,1,E2GI,0.2_um,50,0.118
01/12/2013,2013,12,1,E2GI,0.2_um,75,0.04
01/12/2013,2013,12,1,E2GI,0.2_um,100,0.064
01/12/2013,2013,12,1,E2GI,2_um,0,0.508
01/12/2013,2013,12,1,E2GI,2_um,10,0.337
01/12/2013,2013,12,1,E2GI,2_um,20,0.362
01/12/2013,2013,12,1,E2GI,2_um,30,0.038
01/12/2013,2013,12,1,E2GI,2_um,40,0.119
01/12/2013,2013,12,1,E2GI,2_um,50,0.031
01/12/2013,2013,12,1,E2GI,2_um,75,0.049
01/12/2013,2013,12,1,E2GI,2_um,100,0.068
01/12/2013,2013,12,1,E2GI,20_um,0,0.116
01/12/2013,2013,12,1,E2GI,20_um,10,0.079
01/12/2013,2013,12,1,E2GI,20_um,20,0.055
01/12/2013,2013,12,1,E2GI,20_um,30,0.039
01/12/2013,2013,12,1,E2GI,20_um,40,0.054
01/12/2013,2013,12,1,E2GI,20_um,50,0.042
01/12/2013,2013,12,1,E2GI,20_um,75,0.027
01/12/2013,2013,12,1,E2GI,20_um,100,0.063
01/12/2013,2013,12,1,E2GI,GFF,0,1.309
01/12/2013,2013,12,1,E2GI,GFF,10,1.169
01/12/2013,2013,12,1,E2GI,GFF,20,1.12
01/12/2013,2013,12,1,E2GI,GFF,30,0.418
01/12/2013,2013,12,1,E2GI,GFF,40,0.162
01/12/2013,2013,12,1,E2GI,GFF,50,0.087
01/12/2013,2013,12,1,E2GI,GFF,75,0.046
01/12/2013,2013,12,1,E2GI,GFF,100,0.042
26/01/2014,2014,1,26,E2GI,0.2_um,0,0.3
26/01/2014,2014,1,26,E2GI,0.2_um,10,0.451
26/01/2014,2014,1,26,E2GI,0.2_um,20,0.059
26/01/2014,2014,1,26,E2GI,0.2_um,30,0.309
26/01/2014,2014,1,26,E2GI,0.2_um,40,0.273
26/01/2014,2014,1,26,E2GI,0.2_um,50,0.308
26/01/2014,2014,1,26,E2GI,0.2_um,75,0.167
26/01/2014,2014,1,26,E2GI,0.2_um,100,0.238
26/01/2014,2014,1,26,E2GI,2_um,0,0.498
26/01/2014,2014,1,26,E2GI,2_um,10,0.419
26/01/2014,2014,1,26,E2GI,2_um,20,0.618
26/01/2014,2014,1,26,E2GI,2_um,30,0.378
26/01/2014,2014,1,26,E2GI,2_um,40,0.194
26/01/2014,2014,1,26,E2GI,2_um,50,0.248
26/01/2014,2014,1,26,E2GI,2_um,75,0.261
26/01/2014,2014,1,26,E2GI,2_um,100,0.368
26/01/2014,2014,1,26,E2GI,20_um,0,0.055
26/01/2014,2014,1,26,E2GI,20_um,10,0.067
26/01/2014,2014,1,26,E2GI,20_um,20,0.026
26/01/2014,2014,1,26,E2GI,20_um,30,0.065
26/01/2014,2014,1,26,E2GI,20_um,40,0.037
26/01/2014,2014,1,26,E2GI,20_um,50,0.042
26/01/2014,2014,1,26,E2GI,20_um,75,0.077
26/01/2014,2014,1,26,E2GI,20_um,100,0.044
26/01/2014,2014,1,26,E2GI,GFF,0,1.23
26/01/2014,2014,1,26,E2GI,GFF,10,1.156
26/01/2014,2014,1,26,E2GI,GFF,20,0.989
26/01/2014,2014,1,26,E2GI,GFF,30,0.921
26/01/2014,2014,1,26,E2GI,GFF,40,0.735
26/01/2014,2014,1,26,E2GI,GFF,50,0.706
26/01/2014,2014,1,26,E2GI,GFF,75,0.677
26/01/2014,2014,1,26,E2GI,GFF,100,0.807
19/02/2014,2014,2,19,E2GI,0.2_um,0,0.581
19/02/2014,2014,2,19,E2GI,0.2_um,10,0.305
19/02/2014,2014,2,19,E2GI,0.2_um,20,0.258
19/02/2014,2014,2,19,E2GI,0.2_um,30,0.42
19/02/2014,2014,2,19,E2GI,0.2_um,40,0.227
19/02/2014,2014,2,19,E2GI,0.2_um,50,0.434
19/02/2014,2014,2,19,E2GI,0.2_um,75,0.273
19/02/2014,2014,2,19,E2GI,0.2_um,100,0.185
19/02/2014,2014,2,19,E2GI,2_um,0,0.461
19/02/2014,2014,2,19,E2GI,2_um,10,0.642
19/02/2014,2014,2,19,E2GI,2_um,20,0.53
19/02/2014,2014,2,19,E2GI,2_um,30,0.232
19/02/2014,2014,2,19,E2GI,2_um,40,0.757
19/02/2014,2014,2,19,E2GI,2_um,50,0.559
19/02/2014,2014,2,19,E2GI,2_um,75,0.375
19/02/2014,2014,2,19,E2GI,2_um,100,0.338
19/02/2014,2014,2,19,E2GI,20_um,0,0.182
19/02/2014,2014,2,19,E2GI,20_um,10,0.199
19/02/2014,2014,2,19,E2GI,20_um,20,0.109
19/02/2014,2014,2,19,E2GI,20_um,30,0.097
19/02/2014,2014,2,19,E2GI,20_um,40,0.14
19/02/2014,2014,2,19,E2GI,20_um,50,0.148
19/02/2014,2014,2,19,E2GI,20_um,75,0.101
19/02/2014,2014,2,19,E2GI,20_um,100,0.113
19/02/2014,2014,2,19,E2GI,GFF,0,1.135
19/02/2014,2014,2,19,E2GI,GFF,10,1.14
19/02/2014,2014,2,19,E2GI,GFF,20,0.902
19/02/2014,2014,2,19,E2GI,GFF,30,0.772
19/02/2014,2014,2,19,E2GI,GFF,40,0.943
19/02/2014,2014,2,19,E2GI,GFF,50,1.107
19/02/2014,2014,2,19,E2GI,GFF,75,0.771
19/02/2014,2014,2,19,E2GI,GFF,100,0.695
22/03/2014,2014,3,22,E2GI,0.2_um,0,0.537
22/03/2014,2014,3,22,E2GI,0.2_um,10,0.766
22/03/2014,2014,3,22,E2GI,0.2_um,20,0.915
22/03/2014,2014,3,22,E2GI,0.2_um,30,0.2
22/03/2014,2014,3,22,E2GI,0.2_um,40,0.262
22/03/2014,2014,3,22,E2GI,0.2_um,50,0.359
22/03/2014,2014,3,22,E2GI,0.2_um,75,0.052
22/03/2014,2014,3,22,E2GI,0.2_um,100,0.146
22/03/2014,2014,3,22,E2GI,2_um,0,1.61
22/03/2014,2014,3,22,E2GI,2_um,10,1.462
22/03/2014,2014,3,22,E2GI,2_um,20,1.141
22/03/2014,2014,3,22,E2GI,2_um,30,0.471
22/03/2014,2014,3,22,E2GI,2_um,40,0.47
22/03/2014,2014,3,22,E2GI,2_um,50,0.215
22/03/2014,2014,3,22,E2GI,2_um,75,0.26
22/03/2014,2014,3,22,E2GI,2_um,100,0.261
22/03/2014,2014,3,22,E2GI,20_um,0,4.057
22/03/2014,2014,3,22,E2GI,20_um,10,4.162
22/03/2014,2014,3,22,E2GI,20_um,20,4.986
22/03/2014,2014,3,22,E2GI,20_um,30,0.73
22/03/2014,2014,3,22,E2GI,20_um,40,0.446
22/03/2014,2014,3,22,E2GI,20_um,50,0.321
22/03/2014,2014,3,22,E2GI,20_um,75,0.35
22/03/2014,2014,3,22,E2GI,20_um,100,0.431
22/03/2014,2014,3,22,E2GI,GFF,0,5.36
22/03/2014,2014,3,22,E2GI,GFF,10,6.511
22/03/2014,2014,3,22,E2GI,GFF,20,6.4
22/03/2014,2014,3,22,E2GI,GFF,30,1.365
22/03/2014,2014,3,22,E2GI,GFF,40,1.024
22/03/2014,2014,3,22,E2GI,GFF,50,0.673
22/03/2014,2014,3,22,E2GI,GFF,75,0.626
22/03/2014,2014,3,22,E2GI,GFF,100,0.591
26/04/2014,2014,4,26,E2GI,0.2_um,0,0.652
26/04/2014,2014,4,26,E2GI,0.2_um,10,0.493
26/04/2014,2014,4,26,E2GI,0.2_um,20,0.032
26/04/2014,2014,4,26,E2GI,0.2_um,30,0.232
26/04/2014,2014,4,26,E2GI,0.2_um,40,0.548
26/04/2014,2014,4,26,E2GI,0.2_um,50,0.336
26/04/2014,2014,4,26,E2GI,0.2_um,75,0.098
26/04/2014,2014,4,26,E2GI,0.2_um,100,0.233
26/04/2014,2014,4,26,E2GI,2_um,0,0.8
26/04/2014,2014,4,26,E2GI,2_um,10,0.626
26/04/2014,2014,4,26,E2GI,2_um,20,0.522
26/04/2014,2014,4,26,E2GI,2_um,30,0.617
26/04/2014,2014,4,26,E2GI,2_um,40,0.682
26/04/2014,2014,4,26,E2GI,2_um,50,0.256
26/04/2014,2014,4,26,E2GI,2_um,75,0.353
26/04/2014,2014,4,26,E2GI,2_um,100,0.33
26/04/2014,2014,4,26,E2GI,20_um,0,0.021
26/04/2014,2014,4,26,E2GI,20_um,10,0.172
26/04/2014,2014,4,26,E2GI,20_um,20,0.08
26/04/2014,2014,4,26,E2GI,20_um,30,0.084
26/04/2014,2014,4,26,E2GI,20_um,40,0.095
26/04/2014,2014,4,26,E2GI,20_um,50,0.059
26/04/2014,2014,4,26,E2GI,20_um,75,0.089
26/04/2014,2014,4,26,E2GI,20_um,100,0.064
26/04/2014,2014,4,26,E2GI,GFF,0,1.77
26/04/2014,2014,4,26,E2GI,GFF,10,1.532
26/04/2014,2014,4,26,E2GI,GFF,20,1.179
26/04/2014,2014,4,26,E2GI,GFF,30,1.139
26/04/2014,2014,4,26,E2GI,GFF,40,1.528
26/04/2014,2014,4,26,E2GI,GFF,50,0.716
26/04/2014,2014,4,26,E2GI,GFF,75,0.631
26/04/2014,2014,4,26,E2GI,GFF,100,0.497
31/05/2014,2014,5,31,E2GI,0.2_um,0,0.086
31/05/2014,2014,5,31,E2GI,0.2_um,10,0.083
31/05/2014,2014,5,31,E2GI,0.2_um,20,0.295
31/05/2014,2014,5,31,E2GI,0.2_um,30,0.226
31/05/2014,2014,5,31,E2GI,0.2_um,40,0.202
31/05/2014,2014,5,31,E2GI,0.2_um,50,0.249
31/05/2014,2014,5,31,E2GI,0.2_um,75,0.129
31/05/2014,2014,5,31,E2GI,0.2_um,100,0.121
31/05/2014,2014,5,31,E2GI,2_um,0,0.077
31/05/2014,2014,5,31,E2GI,2_um,10,0.06
31/05/2014,2014,5,31,E2GI,2_um,20,0.105
31/05/2014,2014,5,31,E2GI,2_um,30,0.229
31/05/2014,2014,5,31,E2GI,2_um,40,0.262
31/05/2014,2014,5,31,E2GI,2_um,50,0.249
31/05/2014,2014,5,31,E2GI,2_um,75,0.117
31/05/2014,2014,5,31,E2GI,2_um,100,0.043
31/05/2014,2014,5,31,E2GI,20_um,0,0.105
31/05/2014,2014,5,31,E2GI,20_um,10,0.12
31/05/2014,2014,5,31,E2GI,20_um,20,0.264
31/05/2014,2014,5,31,E2GI,20_um,30,0.446
31/05/2014,2014,5,31,E2GI,20_um,40,1.487
31/05/2014,2014,5,31,E2GI,20_um,50,2.261
31/05/2014,2014,5,31,E2GI,20_um,75,0.15
31/05/2014,2014,5,31,E2GI,20_um,100,0.112
31/05/2014,2014,5,31,E2GI,GFF,0,0.137
31/05/2014,2014,5,31,E2GI,GFF,10,0.26
31/05/2014,2014,5,31,E2GI,GFF,20,0.584
31/05/2014,2014,5,31,E2GI,GFF,30,0.979
31/05/2014,2014,5,31,E2GI,GFF,40,1.754
31/05/2014,2014,5,31,E2GI,GFF,50,2.53
31/05/2014,2014,5,31,E2GI,GFF,75,0.463
31/05/2014,2014,5,31,E2GI,GFF,100,0.392
28/06/2014,2014,6,28,E2GI,0.2_um,0,0.346
28/06/2014,2014,6,28,E2GI,0.2_um,10,0.216
28/06/2014,2014,6,28,E2GI,0.2_um,20,0.239
28/06/2014,2014,6,28,E2GI,0.2_um,30,0.296
28/06/2014,2014,6,28,E2GI,0.2_um,40,0.708
28/06/2014,2014,6,28,E2GI,0.2_um,50,0.246
28/06/2014,2014,6,28,E2GI,0.2_um,75,0.153
28/06/2014,2014,6,28,E2GI,0.2_um,100,0.089
28/06/2014,2014,6,28,E2GI,2_um,0,0.255
28/06/2014,2014,6,28,E2GI,2_um,10,0.278
28/06/2014,2014,6,28,E2GI,2_um,20,0.223
28/06/2014,2014,6,28,E2GI,2_um,30,0.708
28/06/2014,2014,6,28,E2GI,2_um,40,0.569
28/06/2014,2014,6,28,E2GI,2_um,50,0.764
28/06/2014,2014,6,28,E2GI,2_um,75,0.365
28/06/2014,2014,6,28,E2GI,2_um,100,0.403
28/06/2014,2014,6,28,E2GI,20_um,0,0.289
28/06/2014,2014,6,28,E2GI,20_um,10,0.162
28/06/2014,2014,6,28,E2GI,20_um,20,0.024
28/06/2014,2014,6,28,E2GI,20_um,30,0.514
28/06/2014,2014,6,28,E2GI,20_um,40,1.67
28/06/2014,2014,6,28,E2GI,20_um,50,0.077
28/06/2014,2014,6,28,E2GI,20_um,75,0.03
28/06/2014,2014,6,28,E2GI,20_um,100,0.053
28/06/2014,2014,6,28,E2GI,GFF,0,0.984
28/06/2014,2014,6,28,E2GI,GFF,10,0.823
28/06/2014,2014,6,28,E2GI,GFF,20,0.938
28/06/2014,2014,6,28,E2GI,GFF,30,1.741
28/06/2014,2014,6,28,E2GI,GFF,40,5.545
28/06/2014,2014,6,28,E2GI,GFF,50,2.563
28/06/2014,2014,6,28,E2GI,GFF,75,0.602
28/06/2014,2014,6,28,E2GI,GFF,100,0.38
15/07/2014,2014,7,15,E2GI,0.2_um,0,0.149
15/07/2014,2014,7,15,E2GI,0.2_um,10,0.1
15/07/2014,2014,7,15,E2GI,0.2_um,20,0.19
15/07/2014,2014,7,15,E2GI,0.2_um,30,0.034
15/07/2014,2014,7,15,E2GI,0.2_um,40,0.843
15/07/2014,2014,7,15,E2GI,0.2_um,50,0.938
15/07/2014,2014,7,15,E2GI,0.2_um,75,0.154
15/07/2014,2014,7,15,E2GI,0.2_um,100,0.015
15/07/2014,2014,7,15,E2GI,2_um,0,0.132
15/07/2014,2014,7,15,E2GI,2_um,10,0.133
15/07/2014,2014,7,15,E2GI,2_um,20,0.162
15/07/2014,2014,7,15,E2GI,2_um,30,0.293
15/07/2014,2014,7,15,E2GI,2_um,40,0.48
15/07/2014,2014,7,15,E2GI,2_um,50,0.579
15/07/2014,2014,7,15,E2GI,2_um,75,0.108
15/07/2014,2014,7,15,E2GI,2_um,100,0.076
15/07/2014,2014,7,15,E2GI,20_um,0,0.028
15/07/2014,2014,7,15,E2GI,20_um,10,0.029
15/07/2014,2014,7,15,E2GI,20_um,20,0.037
15/07/2014,2014,7,15,E2GI,20_um,30,0.031
15/07/2014,2014,7,15,E2GI,20_um,40,0.136
15/07/2014,2014,7,15,E2GI,20_um,50,0.144
15/07/2014,2014,7,15,E2GI,20_um,75,0.074
15/07/2014,2014,7,15,E2GI,20_um,100,0.056
15/07/2014,2014,7,15,E2GI,GFF,0,0.248
15/07/2014,2014,7,15,E2GI,GFF,10,0.282
15/07/2014,2014,7,15,E2GI,GFF,20,0.378
15/07/2014,2014,7,15,E2GI,GFF,30,0.748
15/07/2014,2014,7,15,E2GI,GFF,40,1.158
15/07/2014,2014,7,15,E2GI,GFF,50,1.378
15/07/2014,2014,7,15,E2GI,GFF,75,0.295
15/07/2014,2014,7,15,E2GI,GFF,100,0.142
23/08/2014,2014,8,23,E2GI,0.2_um,0,0.203
23/08/2014,2014,8,23,E2GI,0.2_um,10,0.136
23/08/2014,2014,8,23,E2GI,0.2_um,20,0.446
23/08/2014,2014,8,23,E2GI,0.2_um,30,0.696
23/08/2014,2014,8,23,E2GI,0.2_um,40,0.997
23/08/2014,2014,8,23,E2GI,0.2_um,50,0.487
23/08/2014,2014,8,23,E2GI,0.2_um,75,0.258
23/08/2014,2014,8,23,E2GI,0.2_um,100,0.074
23/08/2014,2014,8,23,E2GI,2_um,0,0.078
23/08/2014,2014,8,23,E2GI,2_um,10,0.103
23/08/2014,2014,8,23,E2GI,2_um,20,0.328
23/08/2014,2014,8,23,E2GI,2_um,30,0.476
23/08/2014,2014,8,23,E2GI,2_um,40,0.465
23/08/2014,2014,8,23,E2GI,2_um,50,0.344
23/08/2014,2014,8,23,E2GI,2_um,75,0.104
23/08/2014,2014,8,23,E2GI,2_um,100,0.087
23/08/2014,2014,8,23,E2GI,20_um,0,0.045
23/08/2014,2014,8,23,E2GI,20_um,10,0.085
23/08/2014,2014,8,23,E2GI,20_um,20,0.071
23/08/2014,2014,8,23,E2GI,20_um,30,0.207
23/08/2014,2014,8,23,E2GI,20_um,40,0.569
23/08/2014,2014,8,23,E2GI,20_um,50,0.097
23/08/2014,2014,8,23,E2GI,20_um,75,0.085
23/08/2014,2014,8,23,E2GI,20_um,100,0.088
23/08/2014,2014,8,23,E2GI,GFF,0,0.259
23/08/2014,2014,8,23,E2GI,GFF,10,0.398
23/08/2014,2014,8,23,E2GI,GFF,20,0.935
23/08/2014,2014,8,23,E2GI,GFF,30,1.357
23/08/2014,2014,8,23,E2GI,GFF,40,2.345
23/08/2014,2014,8,23,E2GI,GFF,50,0.836
23/08/2014,2014,8,23,E2GI,GFF,75,0.222
23/08/2014,2014,8,23,E2GI,GFF,100,0.141
26/09/2014,2014,9,26,E2GI,0.2_um,0,0.62
26/09/2014,2014,9,26,E2GI,0.2_um,10,0.42
26/09/2014,2014,9,26,E2GI,0.2_um,20,0.213
26/09/2014,2014,9,26,E2GI,0.2_um,30,0.626
26/09/2014,2014,9,26,E2GI,0.2_um,40,1.207
26/09/2014,2014,9,26,E2GI,0.2_um,50,0.653
26/09/2014,2014,9,26,E2GI,0.2_um,75,0.24
26/09/2014,2014,9,26,E2GI,0.2_um,100,0.187
26/09/2014,2014,9,26,E2GI,2_um,0,0.272
26/09/2014,2014,9,26,E2GI,2_um,10,0.114
26/09/2014,2014,9,26,E2GI,2_um,20,0.337
26/09/2014,2014,9,26,E2GI,2_um,30,0.399
26/09/2014,2014,9,26,E2GI,2_um,40,0.27
26/09/2014,2014,9,26,E2GI,2_um,50,0.499
26/09/2014,2014,9,26,E2GI,2_um,75,0.103
26/09/2014,2014,9,26,E2GI,2_um,100,0.081
26/09/2014,2014,9,26,E2GI,20_um,0,0.216
26/09/2014,2014,9,26,E2GI,20_um,10,0.045
26/09/2014,2014,9,26,E2GI,20_um,20,0.027
26/09/2014,2014,9,26,E2GI,20_um,30,0.332
26/09/2014,2014,9,26,E2GI,20_um,40,0.061
26/09/2014,2014,9,26,E2GI,20_um,50,0.013
26/09/2014,2014,9,26,E2GI,20_um,75,0.042
26/09/2014,2014,9,26,E2GI,20_um,100,0.046
26/09/2014,2014,9,26,E2GI,GFF,0,0.797
26/09/2014,2014,9,26,E2GI,GFF,10,0.467
26/09/2014,2014,9,26,E2GI,GFF,20,0.797
26/09/2014,2014,9,26,E2GI,GFF,30,1.267
26/09/2014,2014,9,26,E2GI,GFF,40,1.472
26/09/2014,2014,9,26,E2GI,GFF,50,1.016
26/09/2014,2014,9,26,E2GI,GFF,75,0.295
26/09/2014,2014,9,26,E2GI,GFF,100,0.248
05/10/2014,2014,10,5,E2GI,0.2_um,0,0.187
05/10/2014,2014,10,5,E2GI,0.2_um,10,0.256
05/10/2014,2014,10,5,E2GI,0.2_um,20,0.563
05/10/2014,2014,10,5,E2GI,0.2_um,30,0.617
05/10/2014,2014,10,5,E2GI,0.2_um,40,0.02
05/10/2014,2014,10,5,E2GI,0.2_um,50,0.353
05/10/2014,2014,10,5,E2GI,0.2_um,75,0.165
05/10/2014,2014,10,5,E2GI,0.2_um,100,0.069
05/10/2014,2014,10,5,E2GI,2_um,0,0.086
05/10/2014,2014,10,5,E2GI,2_um,10,0.131
05/10/2014,2014,10,5,E2GI,2_um,20,0.067
05/10/2014,2014,10,5,E2GI,2_um,30,0.149
05/10/2014,2014,10,5,E2GI,2_um,40,0.186
05/10/2014,2014,10,5,E2GI,2_um,50,0.212
05/10/2014,2014,10,5,E2GI,2_um,75,0.076
05/10/2014,2014,10,5,E2GI,2_um,100,0.044
05/10/2014,2014,10,5,E2GI,20_um,0,0.033
05/10/2014,2014,10,5,E2GI,20_um,10,0.043
05/10/2014,2014,10,5,E2GI,20_um,20,0.033
05/10/2014,2014,10,5,E2GI,20_um,30,0.038
05/10/2014,2014,10,5,E2GI,20_um,40,0.116
05/10/2014,2014,10,5,E2GI,20_um,50,0.053
05/10/2014,2014,10,5,E2GI,20_um,75,0.067
05/10/2014,2014,10,5,E2GI,20_um,100,0.055
05/10/2014,2014,10,5,E2GI,GFF,0,0.304
05/10/2014,2014,10,5,E2GI,GFF,10,0.516
05/10/2014,2014,10,5,E2GI,GFF,20,0.705
05/10/2014,2014,10,5,E2GI,GFF,30,0.94
05/10/2014,2014,10,5,E2GI,GFF,40,0.82
05/10/2014,2014,10,5,E2GI,GFF,50,0.683
05/10/2014,2014,10,5,E2GI,GFF,75,0.268
05/10/2014,2014,10,5,E2GI,GFF,100,0.116
25/11/2014,2014,11,25,E2GI,0.2_um,0,0.395
25/11/2014,2014,11,25,E2GI,0.2_um,10,0.196
25/11/2014,2014,11,25,E2GI,0.2_um,20,0.16
25/11/2014,2014,11,25,E2GI,0.2_um,30,0.076
25/11/2014,2014,11,25,E2GI,0.2_um,40,0.077
25/11/2014,2014,11,25,E2GI,0.2_um,50,0.083
25/11/2014,2014,11,25,E2GI,0.2_um,75,0.076
25/11/2014,2014,11,25,E2GI,0.2_um,100,0.041
25/11/2014,2014,11,25,E2GI,2_um,0,0.29
25/11/2014,2014,11,25,E2GI,2_um,10,0.221
25/11/2014,2014,11,25,E2GI,2_um,20,0.125
25/11/2014,2014,11,25,E2GI,2_um,30,0.059
25/11/2014,2014,11,25,E2GI,2_um,40,0.041
25/11/2014,2014,11,25,E2GI,2_um,50,0.052
25/11/2014,2014,11,25,E2GI,2_um,75,0.023
25/11/2014,2014,11,25,E2GI,2_um,100,0.027
25/11/2014,2014,11,25,E2GI,20_um,0,0.016
25/11/2014,2014,11,25,E2GI,20_um,10,0.011
25/11/2014,2014,11,25,E2GI,20_um,20,0.024
25/11/2014,2014,11,25,E2GI,20_um,30,0.026
25/11/2014,2014,11,25,E2GI,20_um,40,0.014
25/11/2014,2014,11,25,E2GI,20_um,50,0.016
25/11/2014,2014,11,25,E2GI,20_um,75,0.009
25/11/2014,2014,11,25,E2GI,20_um,100,0.014
25/11/2014,2014,11,25,E2GI,GFF,0,0.456
25/11/2014,2014,11,25,E2GI,GFF,10,0.436
25/11/2014,2014,11,25,E2GI,GFF,20,0.299
25/11/2014,2014,11,25,E2GI,GFF,30,0.186
25/11/2014,2014,11,25,E2GI,GFF,40,0.136
25/11/2014,2014,11,25,E2GI,GFF,50,0.099
25/11/2014,2014,11,25,E2GI,GFF,75,0.079
25/11/2014,2014,11,25,E2GI,GFF,100,0.054
17/12/2014,2014,12,17,E2GI,0.2_um,0,0.159
17/12/2014,2014,12,17,E2GI,0.2_um,10,0.177
17/12/2014,2014,12,17,E2GI,0.2_um,20,0.146
17/12/2014,2014,12,17,E2GI,0.2_um,30,0.144
17/12/2014,2014,12,17,E2GI,0.2_um,40,0.146
17/12/2014,2014,12,17,E2GI,0.2_um,50,0.032
17/12/2014,2014,12,17,E2GI,0.2_um,75,0.059
17/12/2014,2014,12,17,E2GI,0.2_um,100,0.056
17/12/2014,2014,12,17,E2GI,2_um,0,0.094
17/12/2014,2014,12,17,E2GI,2_um,10,0.032
17/12/2014,2014,12,17,E2GI,2_um,20,0.086
17/12/2014,2014,12,17,E2GI,2_um,30,0.098
17/12/2014,2014,12,17,E2GI,2_um,40,0.11
17/12/2014,2014,12,17,E2GI,2_um,50,0.105
17/12/2014,2014,12,17,E2GI,2_um,75,0.077
17/12/2014,2014,12,17,E2GI,2_um,100,0.034
17/12/2014,2014,12,17,E2GI,20_um,0,0.038
17/12/2014,2014,12,17,E2GI,20_um,10,0.042
17/12/2014,2014,12,17,E2GI,20_um,20,0.024
17/12/2014,2014,12,17,E2GI,20_um,30,0.042
17/12/2014,2014,12,17,E2GI,20_um,40,0.005
17/12/2014,2014,12,17,E2GI,20_um,50,0.04
17/12/2014,2014,12,17,E2GI,20_um,75,0.037
17/12/2014,2014,12,17,E2GI,20_um,100,0.008
17/12/2014,2014,12,17,E2GI,GFF,0,0.308
17/12/2014,2014,12,17,E2GI,GFF,10,0.165
17/12/2014,2014,12,17,E2GI,GFF,20,0.262
17/12/2014,2014,12,17,E2GI,GFF,30,0.281
17/12/2014,2014,12,17,E2GI,GFF,40,0.272
17/12/2014,2014,12,17,E2GI,GFF,50,0.267
17/12/2014,2014,12,17,E2GI,GFF,75,0.236
17/12/2014,2014,12,17,E2GI,GFF,100,0.11
25/01/2015,2015,1,25,E2GI,0.2_um,0,0.122
25/01/2015,2015,1,25,E2GI,0.2_um,10,0.136
25/01/2015,2015,1,25,E2GI,0.2_um,20,0.126
25/01/2015,2015,1,25,E2GI,0.2_um,30,0.171
25/01/2015,2015,1,25,E2GI,0.2_um,40,0.169
25/01/2015,2015,1,25,E2GI,0.2_um,50,0.167
25/01/2015,2015,1,25,E2GI,0.2_um,75,0.045
25/01/2015,2015,1,25,E2GI,0.2_um,100,0.132
25/01/2015,2015,1,25,E2GI,2_um,0,0.086
25/01/2015,2015,1,25,E2GI,2_um,10,0.106
25/01/2015,2015,1,25,E2GI,2_um,20,0.124
25/01/2015,2015,1,25,E2GI,2_um,30,0.107
25/01/2015,2015,1,25,E2GI,2_um,40,0.088
25/01/2015,2015,1,25,E2GI,2_um,50,0.106
25/01/2015,2015,1,25,E2GI,2_um,75,0.112
25/01/2015,2015,1,25,E2GI,2_um,100,0.09
25/01/2015,2015,1,25,E2GI,20_um,0,0.032
25/01/2015,2015,1,25,E2GI,20_um,10,0.048
25/01/2015,2015,1,25,E2GI,20_um,20,0.044
25/01/2015,2015,1,25,E2GI,20_um,30,0.061
25/01/2015,2015,1,25,E2GI,20_um,40,0.016
25/01/2015,2015,1,25,E2GI,20_um,50,0.044
25/01/2015,2015,1,25,E2GI,20_um,75,0.04
25/01/2015,2015,1,25,E2GI,20_um,100,0.027
25/01/2015,2015,1,25,E2GI,GFF,0,0.2
25/01/2015,2015,1,25,E2GI,GFF,10,0.228
25/01/2015,2015,1,25,E2GI,GFF,20,0.256
25/01/2015,2015,1,25,E2GI,GFF,30,0.25
25/01/2015,2015,1,25,E2GI,GFF,40,0.226
25/01/2015,2015,1,25,E2GI,GFF,50,0.245
25/01/2015,2015,1,25,E2GI,GFF,75,0.213
25/01/2015,2015,1,25,E2GI,GFF,100,0.176
13/02/2015,2015,2,13,E2GI,0.2_um,0,0.262
13/02/2015,2015,2,13,E2GI,0.2_um,10,0.186
13/02/2015,2015,2,13,E2GI,0.2_um,20,0.186
13/02/2015,2015,2,13,E2GI,0.2_um,30,0.047
13/02/2015,2015,2,13,E2GI,0.2_um,40,0.018
13/02/2015,2015,2,13,E2GI,0.2_um,50,0.056
13/02/2015,2015,2,13,E2GI,0.2_um,75,0.029
13/02/2015,2015,2,13,E2GI,0.2_um,100,0.016
13/02/2015,2015,2,13,E2GI,2_um,0,0.284
13/02/2015,2015,2,13,E2GI,2_um,10,0.269
13/02/2015,2015,2,13,E2GI,2_um,20,0.146
13/02/2015,2015,2,13,E2GI,2_um,30,0.058
13/02/2015,2015,2,13,E2GI,2_um,40,0.027
13/02/2015,2015,2,13,E2GI,2_um,50,0.052
13/02/2015,2015,2,13,E2GI,2_um,75,0.035
13/02/2015,2015,2,13,E2GI,2_um,100,0.022
13/02/2015,2015,2,13,E2GI,20_um,0,0.088
13/02/2015,2015,2,13,E2GI,20_um,10,0.03
13/02/2015,2015,2,13,E2GI,20_um,20,0.05
13/02/2015,2015,2,13,E2GI,20_um,30,0.02
13/02/2015,2015,2,13,E2GI,20_um,40,0.014
13/02/2015,2015,2,13,E2GI,20_um,50,0.041
13/02/2015,2015,2,13,E2GI,20_um,75,0.015
13/02/2015,2015,2,13,E2GI,20_um,100,0.012
13/02/2015,2015,2,13,E2GI,GFF,0,0.668
13/02/2015,2015,2,13,E2GI,GFF,10,0.656
13/02/2015,2015,2,13,E2GI,GFF,20,0.267
13/02/2015,2015,2,13,E2GI,GFF,30,0.174
13/02/2015,2015,2,13,E2GI,GFF,40,0.167
13/02/2015,2015,2,13,E2GI,GFF,50,0.136
13/02/2015,2015,2,13,E2GI,GFF,75,0.031
13/02/2015,2015,2,13,E2GI,GFF,100,0.028
28/03/2015,2015,3,28,E2GI,0.2_um,0,0.234
28/03/2015,2015,3,28,E2GI,0.2_um,10,0.52
28/03/2015,2015,3,28,E2GI,0.2_um,20,0.089
28/03/2015,2015,3,28,E2GI,0.2_um,30,0.146
28/03/2015,2015,3,28,E2GI,0.2_um,40,0.013
28/03/2015,2015,3,28,E2GI,0.2_um,50,0.16
28/03/2015,2015,3,28,E2GI,0.2_um,75,0.04
28/03/2015,2015,3,28,E2GI,0.2_um,100,0.13
28/03/2015,2015,3,28,E2GI,2_um,0,1.047
28/03/2015,2015,3,28,E2GI,2_um,10,0.163
28/03/2015,2015,3,28,E2GI,2_um,20,0.408
28/03/2015,2015,3,28,E2GI,2_um,30,0.276
28/03/2015,2015,3,28,E2GI,2_um,40,0.19
28/03/2015,2015,3,28,E2GI,2_um,50,0.191
28/03/2015,2015,3,28,E2GI,2_um,75,0.079
28/03/2015,2015,3,28,E2GI,2_um,100,0.101
28/03/2015,2015,3,28,E2GI,20_um,0,0.065
28/03/2015,2015,3,28,E2GI,20_um,10,0.145
28/03/2015,2015,3,28,E2GI,20_um,20,0.063
28/03/2015,2015,3,28,E2GI,20_um,30,0.081
28/03/2015,2015,3,28,E2GI,20_um,40,0.022
28/03/2015,2015,3,28,E2GI,20_um,50,0.033
28/03/2015,2015,3,28,E2GI,20_um,75,0.024
28/03/2015,2015,3,28,E2GI,20_um,100,0.053
28/03/2015,2015,3,28,E2GI,GFF,0,1.51
28/03/2015,2015,3,28,E2GI,GFF,10,1.368
28/03/2015,2015,3,28,E2GI,GFF,20,0.805
28/03/2015,2015,3,28,E2GI,GFF,30,0.664
28/03/2015,2015,3,28,E2GI,GFF,40,0.421
28/03/2015,2015,3,28,E2GI,GFF,50,0.208
28/03/2015,2015,3,28,E2GI,GFF,75,0.105
28/03/2015,2015,3,28,E2GI,GFF,100,0.101
22/04/2015,2015,4,22,E2GI,0.2_um,0,0.064
22/04/2015,2015,4,22,E2GI,0.2_um,10,0.143
22/04/2015,2015,4,22,E2GI,0.2_um,20,0.324
22/04/2015,2015,4,22,E2GI,0.2_um,30,0.168
22/04/2015,2015,4,22,E2GI,0.2_um,40,0.064
22/04/2015,2015,4,22,E2GI,0.2_um,50,0.132
22/04/2015,2015,4,22,E2GI,0.2_um,75,0.024
22/04/2015,2015,4,22,E2GI,0.2_um,100,0.017
22/04/2015,2015,4,22,E2GI,2_um,0,0.146
22/04/2015,2015,4,22,E2GI,2_um,10,0.239
22/04/2015,2015,4,22,E2GI,2_um,20,0.515
22/04/2015,2015,4,22,E2GI,2_um,30,0.535
22/04/2015,2015,4,22,E2GI,2_um,40,0.108
22/04/2015,2015,4,22,E2GI,2_um,50,0.108
22/04/2015,2015,4,22,E2GI,2_um,75,0.087
22/04/2015,2015,4,22,E2GI,2_um,100,0.091
22/04/2015,2015,4,22,E2GI,20_um,0,0.229
22/04/2015,2015,4,22,E2GI,20_um,10,0.26
22/04/2015,2015,4,22,E2GI,20_um,20,0.824
22/04/2015,2015,4,22,E2GI,20_um,30,1.489
22/04/2015,2015,4,22,E2GI,20_um,40,2.264
22/04/2015,2015,4,22,E2GI,20_um,50,0.723
22/04/2015,2015,4,22,E2GI,20_um,75,0.275
22/04/2015,2015,4,22,E2GI,20_um,100,0.187
22/04/2015,2015,4,22,E2GI,GFF,0,0.519
22/04/2015,2015,4,22,E2GI,GFF,10,0.585
22/04/2015,2015,4,22,E2GI,GFF,20,1.551
22/04/2015,2015,4,22,E2GI,GFF,30,2.092
22/04/2015,2015,4,22,E2GI,GFF,40,2.007
22/04/2015,2015,4,22,E2GI,GFF,50,1.184
22/04/2015,2015,4,22,E2GI,GFF,75,0.381
22/04/2015,2015,4,22,E2GI,GFF,100,0.274
26/05/2015,2015,5,26,E2GI,0.2_um,0,0.032
26/05/2015,2015,5,26,E2GI,0.2_um,10,0.038
26/05/2015,2015,5,26,E2GI,0.2_um,20,0.098
26/05/2015,2015,5,26,E2GI,0.2_um,30,0.061
26/05/2015,2015,5,26,E2GI,0.2_um,40,0.071
26/05/2015,2015,5,26,E2GI,0.2_um,50,0.062
26/05/2015,2015,5,26,E2GI,0.2_um,75,0.022
26/05/2015,2015,5,26,E2GI,0.2_um,100,0.008
26/05/2015,2015,5,26,E2GI,2_um,0,0.05
26/05/2015,2015,5,26,E2GI,2_um,10,0.084
26/05/2015,2015,5,26,E2GI,2_um,20,0.065
26/05/2015,2015,5,26,E2GI,2_um,30,0.087
26/05/2015,2015,5,26,E2GI,2_um,40,0.117
26/05/2015,2015,5,26,E2GI,2_um,50,0.111
26/05/2015,2015,5,26,E2GI,2_um,75,0.028
26/05/2015,2015,5,26,E2GI,2_um,100,0.034
26/05/2015,2015,5,26,E2GI,20_um,0,0.028
26/05/2015,2015,5,26,E2GI,20_um,10,0.034
26/05/2015,2015,5,26,E2GI,20_um,20,0.052
26/05/2015,2015,5,26,E2GI,20_um,30,0.055
26/05/2015,2015,5,26,E2GI,20_um,40,0.045
26/05/2015,2015,5,26,E2GI,20_um,50,0.04
26/05/2015,2015,5,26,E2GI,20_um,75,0.022
26/05/2015,2015,5,26,E2GI,20_um,100,0.024
26/05/2015,2015,5,26,E2GI,GFF,0,0.121
26/05/2015,2015,5,26,E2GI,GFF,10,0.151
26/05/2015,2015,5,26,E2GI,GFF,20,0.23
26/05/2015,2015,5,26,E2GI,GFF,30,0.26
26/05/2015,2015,5,26,E2GI,GFF,40,0.136
26/05/2015,2015,5,26,E2GI,GFF,50,0.194
26/05/2015,2015,5,26,E2GI,GFF,75,0.053
26/05/2015,2015,5,26,E2GI,GFF,100,0.043
26/06/2015,2015,6,26,E2GI,0.2_um,0,0.09
26/06/2015,2015,6,26,E2GI,0.2_um,10,0.107
26/06/2015,2015,6,26,E2GI,0.2_um,20,0.158
26/06/2015,2015,6,26,E2GI,0.2_um,30,0.125
26/06/2015,2015,6,26,E2GI,0.2_um,40,0.086
26/06/2015,2015,6,26,E2GI,0.2_um,50,0.066
26/06/2015,2015,6,26,E2GI,0.2_um,75,0.06
26/06/2015,2015,6,26,E2GI,0.2_um,100,0.059
26/06/2015,2015,6,26,E2GI,2_um,0,0.111
26/06/2015,2015,6,26,E2GI,2_um,10,0.258
26/06/2015,2015,6,26,E2GI,2_um,20,0.409
26/06/2015,2015,6,26,E2GI,2_um,30,0.371
26/06/2015,2015,6,26,E2GI,2_um,40,0.204
26/06/2015,2015,6,26,E2GI,2_um,50,0.194
26/06/2015,2015,6,26,E2GI,2_um,75,0.193
26/06/2015,2015,6,26,E2GI,2_um,100,0.291
26/06/2015,2015,6,26,E2GI,20_um,0,0.28
26/06/2015,2015,6,26,E2GI,20_um,10,0.633
26/06/2015,2015,6,26,E2GI,20_um,20,1.032
26/06/2015,2015,6,26,E2GI,20_um,30,0.805
26/06/2015,2015,6,26,E2GI,20_um,40,0.655
26/06/2015,2015,6,26,E2GI,20_um,50,1.144
26/06/2015,2015,6,26,E2GI,20_um,75,0.428
26/06/2015,2015,6,26,E2GI,20_um,100,0.203
26/06/2015,2015,6,26,E2GI,GFF,0,0.587
26/06/2015,2015,6,26,E2GI,GFF,10,1.453
26/06/2015,2015,6,26,E2GI,GFF,20,1.743
26/06/2015,2015,6,26,E2GI,GFF,30,1.845
26/06/2015,2015,6,26,E2GI,GFF,40,1.244
26/06/2015,2015,6,26,E2GI,GFF,50,1.475
26/06/2015,2015,6,26,E2GI,GFF,75,0.616
26/06/2015,2015,6,26,E2GI,GFF,100,0.503
18/07/2015,2015,7,18,E2GI,0.2_um,0,0.099
18/07/2015,2015,7,18,E2GI,0.2_um,10,0.11
18/07/2015,2015,7,18,E2GI,0.2_um,20,0.187
18/07/2015,2015,7,18,E2GI,0.2_um,30,0.422
18/07/2015,2015,7,18,E2GI,0.2_um,40,0.271
18/07/2015,2015,7,18,E2GI,0.2_um,50,0.147
18/07/2015,2015,7,18,E2GI,0.2_um,75,0.035
18/07/2015,2015,7,18,E2GI,0.2_um,100,0.024
18/07/2015,2015,7,18,E2GI,2_um,0,0.034
18/07/2015,2015,7,18,E2GI,2_um,10,0.161
18/07/2015,2015,7,18,E2GI,2_um,20,0.172
18/07/2015,2015,7,18,E2GI,2_um,30,0.776
18/07/2015,2015,7,18,E2GI,2_um,40,0.554
18/07/2015,2015,7,18,E2GI,2_um,50,0.091
18/07/2015,2015,7,18,E2GI,2_um,75,0.031
18/07/2015,2015,7,18,E2GI,2_um,100,0.025
18/07/2015,2015,7,18,E2GI,20_um,0,0.014
18/07/2015,2015,7,18,E2GI,20_um,10,0.013
18/07/2015,2015,7,18,E2GI,20_um,20,0.016
18/07/2015,2015,7,18,E2GI,20_um,30,0.039
18/07/2015,2015,7,18,E2GI,20_um,40,0.03
18/07/2015,2015,7,18,E2GI,20_um,50,0.012
18/07/2015,2015,7,18,E2GI,20_um,75,0.006
18/07/2015,2015,7,18,E2GI,20_um,100,0.005
18/07/2015,2015,7,18,E2GI,GFF,0,0.109
18/07/2015,2015,7,18,E2GI,GFF,10,0.252
18/07/2015,2015,7,18,E2GI,GFF,20,0.436
18/07/2015,2015,7,18,E2GI,GFF,30,1.134
18/07/2015,2015,7,18,E2GI,GFF,40,0.698
18/07/2015,2015,7,18,E2GI,GFF,50,0.178
18/07/2015,2015,7,18,E2GI,GFF,75,0.048
18/07/2015,2015,7,18,E2GI,GFF,100,0.028
12/08/2015,2015,8,12,E2GI,0.2_um,0,0.088
12/08/2015,2015,8,12,E2GI,0.2_um,10,0.082
12/08/2015,2015,8,12,E2GI,0.2_um,20,0.171
12/08/2015,2015,8,12,E2GI,0.2_um,30,0.115
12/08/2015,2015,8,12,E2GI,0.2_um,40,0.126
12/08/2015,2015,8,12,E2GI,0.2_um,50,0.084
12/08/2015,2015,8,12,E2GI,0.2_um,75,0.029
12/08/2015,2015,8,12,E2GI,0.2_um,100,0.015
12/08/2015,2015,8,12,E2GI,2_um,0,0.044
12/08/2015,2015,8,12,E2GI,2_um,10,0.048
12/08/2015,2015,8,12,E2GI,2_um,20,0.17
12/08/2015,2015,8,12,E2GI,2_um,30,0.259
12/08/2015,2015,8,12,E2GI,2_um,40,0.202
12/08/2015,2015,8,12,E2GI,2_um,50,0.114
12/08/2015,2015,8,12,E2GI,2_um,75,0.029
12/08/2015,2015,8,12,E2GI,2_um,100,0.042
12/08/2015,2015,8,12,E2GI,20_um,0,0.031
12/08/2015,2015,8,12,E2GI,20_um,10,0.04
12/08/2015,2015,8,12,E2GI,20_um,20,0.01
12/08/2015,2015,8,12,E2GI,20_um,30,0.208
12/08/2015,2015,8,12,E2GI,20_um,40,0.275
12/08/2015,2015,8,12,E2GI,20_um,50,0.013
12/08/2015,2015,8,12,E2GI,20_um,75,0.015
12/08/2015,2015,8,12,E2GI,20_um,100,0.036
12/08/2015,2015,8,12,E2GI,GFF,0,0.29
12/08/2015,2015,8,12,E2GI,GFF,10,0.318
12/08/2015,2015,8,12,E2GI,GFF,20,0.404
12/08/2015,2015,8,12,E2GI,GFF,30,0.801
12/08/2015,2015,8,12,E2GI,GFF,40,0.826
12/08/2015,2015,8,12,E2GI,GFF,50,0.324
12/08/2015,2015,8,12,E2GI,GFF,75,0.075
12/08/2015,2015,8,12,E2GI,GFF,100,0.042
20/09/2015,2015,9,20,E2GI,0.2_um,0,0.213
20/09/2015,2015,9,20,E2GI,0.2_um,10,0.278
20/09/2015,2015,9,20,E2GI,0.2_um,20,0.3
20/09/2015,2015,9,20,E2GI,0.2_um,30,0.303
20/09/2015,2015,9,20,E2GI,0.2_um,40,0.192
20/09/2015,2015,9,20,E2GI,0.2_um,50,0.154
20/09/2015,2015,9,20,E2GI,0.2_um,75,0.168
20/09/2015,2015,9,20,E2GI,0.2_um,100,0.066
20/09/2015,2015,9,20,E2GI,2_um,0,0.171
20/09/2015,2015,9,20,E2GI,2_um,10,0.2
20/09/2015,2015,9,20,E2GI,2_um,20,0.19
20/09/2015,2015,9,20,E2GI,2_um,30,0.133
20/09/2015,2015,9,20,E2GI,2_um,40,0.115
20/09/2015,2015,9,20,E2GI,2_um,50,0.127
20/09/2015,2015,9,20,E2GI,2_um,75,0.127
20/09/2015,2015,9,20,E2GI,2_um,100,0.061
20/09/2015,2015,9,20,E2GI,20_um,0,0.027
20/09/2015,2015,9,20,E2GI,20_um,10,0.064
20/09/2015,2015,9,20,E2GI,20_um,20,0.061
20/09/2015,2015,9,20,E2GI,20_um,30,0.057
20/09/2015,2015,9,20,E2GI,20_um,40,0.089
20/09/2015,2015,9,20,E2GI,20_um,50,0.045
20/09/2015,2015,9,20,E2GI,20_um,75,0.075
20/09/2015,2015,9,20,E2GI,20_um,100,0.053
20/09/2015,2015,9,20,E2GI,GFF,0,0.515
20/09/2015,2015,9,20,E2GI,GFF,10,0.619
20/09/2015,2015,9,20,E2GI,GFF,20,0.57
20/09/2015,2015,9,20,E2GI,GFF,30,0.527
20/09/2015,2015,9,20,E2GI,GFF,40,0.367
20/09/2015,2015,9,20,E2GI,GFF,50,0.32
20/09/2015,2015,9,20,E2GI,GFF,75,0.33
20/09/2015,2015,9,20,E2GI,GFF,100,0.151
03/10/2015,2015,10,3,E2GI,0.2_um,0,0.131
03/10/2015,2015,10,3,E2GI,0.2_um,10,0.139
03/10/2015,2015,10,3,E2GI,0.2_um,20,0.229
03/10/2015,2015,10,3,E2GI,0.2_um,30,0.36
03/10/2015,2015,10,3,E2GI,0.2_um,40,0.222
03/10/2015,2015,10,3,E2GI,2_um,0,0.037
03/10/2015,2015,10,3,E2GI,2_um,10,0.055
03/10/2015,2015,10,3,E2GI,2_um,20,0.061
03/10/2015,2015,10,3,E2GI,2_um,30,0.109
03/10/2015,2015,10,3,E2GI,2_um,40,0.107
03/10/2015,2015,10,3,E2GI,20_um,0,0.05
03/10/2015,2015,10,3,E2GI,20_um,10,0.034
03/10/2015,2015,10,3,E2GI,20_um,20,0.057
03/10/2015,2015,10,3,E2GI,20_um,30,0.062
03/10/2015,2015,10,3,E2GI,20_um,40,0.033
03/10/2015,2015,10,3,E2GI,GFF,0,0.198
03/10/2015,2015,10,3,E2GI,GFF,10,0.198
03/10/2015,2015,10,3,E2GI,GFF,20,0.279
03/10/2015,2015,10,3,E2GI,GFF,30,0.491
03/10/2015,2015,10,3,E2GI,GFF,40,0.427
03/10/2015,2015,10,3,E2GI,GFF,50,0.32
03/10/2015,2015,10,3,E2GI,GFF,75,0.086
03/10/2015,2015,10,3,E2GI,GFF,100,0.057
11/11/2015,2015,11,11,E2GI,0.2_um,0,0.581
11/11/2015,2015,11,11,E2GI,0.2_um,10,0.458
11/11/2015,2015,11,11,E2GI,0.2_um,20,0.282
11/11/2015,2015,11,11,E2GI,0.2_um,30,0.337
11/11/2015,2015,11,11,E2GI,0.2_um,40,0.17
11/11/2015,2015,11,11,E2GI,0.2_um,50,0.149
11/11/2015,2015,11,11,E2GI,0.2_um,75,0.166
11/11/2015,2015,11,11,E2GI,0.2_um,100,0.05
11/11/2015,2015,11,11,E2GI,2_um,0,0.589
11/11/2015,2015,11,11,E2GI,2_um,10,0.56
11/11/2015,2015,11,11,E2GI,2_um,20,0.282
11/11/2015,2015,11,11,E2GI,2_um,30,0.038
11/11/2015,2015,11,11,E2GI,2_um,40,0.15
11/11/2015,2015,11,11,E2GI,2_um,50,0.16
11/11/2015,2015,11,11,E2GI,2_um,75,0.118
11/11/2015,2015,11,11,E2GI,2_um,100,0.077
11/11/2015,2015,11,11,E2GI,20_um,0,0.13
11/11/2015,2015,11,11,E2GI,20_um,10,0.104
11/11/2015,2015,11,11,E2GI,20_um,20,0.068
11/11/2015,2015,11,11,E2GI,20_um,30,0.076
11/11/2015,2015,11,11,E2GI,20_um,40,0.077
11/11/2015,2015,11,11,E2GI,20_um,50,0.139
11/11/2015,2015,11,11,E2GI,20_um,75,0.076
11/11/2015,2015,11,11,E2GI,20_um,100,0.074
11/11/2015,2015,11,11,E2GI,GFF,0,1.159
11/11/2015,2015,11,11,E2GI,GFF,10,1.149
11/11/2015,2015,11,11,E2GI,GFF,20,0.477
11/11/2015,2015,11,11,E2GI,GFF,30,0.24
11/11/2015,2015,11,11,E2GI,GFF,40,0.246
11/11/2015,2015,11,11,E2GI,GFF,50,0.222
11/11/2015,2015,11,11,E2GI,GFF,75,0.199
11/11/2015,2015,11,11,E2GI,GFF,100,0.132
03/12/2015,2015,12,3,E2GI,0.2_um,0,0.254
03/12/2015,2015,12,3,E2GI,0.2_um,10,0.205
03/12/2015,2015,12,3,E2GI,0.2_um,20,0.279
03/12/2015,2015,12,3,E2GI,0.2_um,30,0.162
03/12/2015,2015,12,3,E2GI,0.2_um,40,0.197
03/12/2015,2015,12,3,E2GI,0.2_um,50,0.148
03/12/2015,2015,12,3,E2GI,0.2_um,75,0.042
03/12/2015,2015,12,3,E2GI,0.2_um,100,0.038
03/12/2015,2015,12,3,E2GI,2_um,0,0.08
03/12/2015,2015,12,3,E2GI,2_um,10,0.177
03/12/2015,2015,12,3,E2GI,2_um,20,0.125
03/12/2015,2015,12,3,E2GI,2_um,30,0.138
03/12/2015,2015,12,3,E2GI,2_um,40,0.116
03/12/2015,2015,12,3,E2GI,2_um,50,0.074
03/12/2015,2015,12,3,E2GI,2_um,75,0.053
03/12/2015,2015,12,3,E2GI,2_um,100,0.027
03/12/2015,2015,12,3,E2GI,20_um,0,0.024
03/12/2015,2015,12,3,E2GI,20_um,10,0.056
03/12/2015,2015,12,3,E2GI,20_um,20,0.02
03/12/2015,2015,12,3,E2GI,20_um,30,0.037
03/12/2015,2015,12,3,E2GI,20_um,40,0.028
03/12/2015,2015,12,3,E2GI,20_um,50,0.027
03/12/2015,2015,12,3,E2GI,20_um,75,0.022
03/12/2015,2015,12,3,E2GI,20_um,100,0.017
03/12/2015,2015,12,3,E2GI,GFF,0,0.393
03/12/2015,2015,12,3,E2GI,GFF,10,0.384
03/12/2015,2015,12,3,E2GI,GFF,20,0.412
03/12/2015,2015,12,3,E2GI,GFF,30,0.403
03/12/2015,2015,12,3,E2GI,GFF,40,0.334
03/12/2015,2015,12,3,E2GI,GFF,50,0.224
03/12/2015,2015,12,3,E2GI,GFF,75,0.066
03/12/2015,2015,12,3,E2GI,GFF,100,0.048
25/01/2016,2016,1,25,E2GI,0.2_um,0,0.191
25/01/2016,2016,1,25,E2GI,0.2_um,20,0.082
25/01/2016,2016,1,25,E2GI,0.2_um,75,0.14
25/01/2016,2016,1,25,E2GI,2_um,0,0.508
25/01/2016,2016,1,25,E2GI,2_um,20,0.094
25/01/2016,2016,1,25,E2GI,2_um,75,0.065
25/01/2016,2016,1,25,E2GI,20_um,0,0.058
25/01/2016,2016,1,25,E2GI,20_um,20,0.058
25/01/2016,2016,1,25,E2GI,20_um,75,0.044
25/01/2016,2016,1,25,E2GI,GFF,0,1.246
25/01/2016,2016,1,25,E2GI,GFF,10,0.697
25/01/2016,2016,1,25,E2GI,GFF,20,0.19
25/01/2016,2016,1,25,E2GI,GFF,30,0.194
25/01/2016,2016,1,25,E2GI,GFF,40,0.271
25/01/2016,2016,1,25,E2GI,GFF,50,0.278
25/01/2016,2016,1,25,E2GI,GFF,75,0.215
25/01/2016,2016,1,25,E2GI,GFF,100,0.212
15/03/2016,2016,3,15,E2GI,0.2_um,0,0.466
15/03/2016,2016,3,15,E2GI,0.2_um,15,0.312
15/03/2016,2016,3,15,E2GI,0.2_um,20,0.428
15/03/2016,2016,3,15,E2GI,0.2_um,75,0.051
15/03/2016,2016,3,15,E2GI,2_um,0,0.459
15/03/2016,2016,3,15,E2GI,2_um,15,0.563
15/03/2016,2016,3,15,E2GI,2_um,20,0.283
15/03/2016,2016,3,15,E2GI,2_um,75,0.057
15/03/2016,2016,3,15,E2GI,20_um,0,0.109
15/03/2016,2016,3,15,E2GI,20_um,15,0.108
15/03/2016,2016,3,15,E2GI,20_um,20,0.114
15/03/2016,2016,3,15,E2GI,20_um,75,0.032
15/03/2016,2016,3,15,E2GI,GFF,0,1.01
15/03/2016,2016,3,15,E2GI,GFF,10,1.173
15/03/2016,2016,3,15,E2GI,GFF,15,1.288
15/03/2016,2016,3,15,E2GI,GFF,20,0.773
15/03/2016,2016,3,15,E2GI,GFF,30,0.591
15/03/2016,2016,3,15,E2GI,GFF,40,0.435
15/03/2016,2016,3,15,E2GI,GFF,50,0.343
15/03/2016,2016,3,15,E2GI,GFF,75,0.102
15/03/2016,2016,3,15,E2GI,GFF,100,0.091
13/04/2016,2016,4,13,E2GI,0.2_um,0,0.153
13/04/2016,2016,4,13,E2GI,0.2_um,20,0.054
13/04/2016,2016,4,13,E2GI,0.2_um,75,0.104
13/04/2016,2016,4,13,E2GI,2_um,0,0.134
13/04/2016,2016,4,13,E2GI,2_um,20,0.161
13/04/2016,2016,4,13,E2GI,2_um,75,0.127
13/04/2016,2016,4,13,E2GI,20_um,0,0.372
13/04/2016,2016,4,13,E2GI,20_um,20,0.253
13/04/2016,2016,4,13,E2GI,20_um,75,0.066
13/04/2016,2016,4,13,E2GI,GFF,0,0.761
13/04/2016,2016,4,13,E2GI,GFF,10,0.458
13/04/2016,2016,4,13,E2GI,GFF,20,0.573
13/04/2016,2016,4,13,E2GI,GFF,30,0.454
13/04/2016,2016,4,13,E2GI,GFF,40,0.367
13/04/2016,2016,4,13,E2GI,GFF,50,0.249
13/04/2016,2016,4,13,E2GI,GFF,75,0.225
13/04/2016,2016,4,13,E2GI,GFF,100,0.246
31/05/2016,2016,5,31,E2GI,0.2_um,0,0.097
31/05/2016,2016,5,31,E2GI,0.2_um,20,0.253
31/05/2016,2016,5,31,E2GI,0.2_um,30,0.546
31/05/2016,2016,5,31,E2GI,0.2_um,75,0.046
31/05/2016,2016,5,31,E2GI,2_um,0,0.164
31/05/2016,2016,5,31,E2GI,2_um,20,0.329
31/05/2016,2016,5,31,E2GI,2_um,30,0.758
31/05/2016,2016,5,31,E2GI,2_um,75,0.054
31/05/2016,2016,5,31,E2GI,20_um,0,0.024
31/05/2016,2016,5,31,E2GI,20_um,20,0.017
31/05/2016,2016,5,31,E2GI,20_um,30,0.052
31/05/2016,2016,5,31,E2GI,20_um,75,0.018
31/05/2016,2016,5,31,E2GI,GFF,0,0.329
31/05/2016,2016,5,31,E2GI,GFF,10,0.353
31/05/2016,2016,5,31,E2GI,GFF,20,0.691
31/05/2016,2016,5,31,E2GI,GFF,30,1.443
31/05/2016,2016,5,31,E2GI,GFF,40,0.714
31/05/2016,2016,5,31,E2GI,GFF,50,0.266
31/05/2016,2016,5,31,E2GI,GFF,75,0.114
31/05/2016,2016,5,31,E2GI,GFF,100,0.107
30/06/2016,2016,6,30,E2GI,0.2_um,0,0.053
30/06/2016,2016,6,30,E2GI,0.2_um,20,0.066
30/06/2016,2016,6,30,E2GI,0.2_um,35,0.446
30/06/2016,2016,6,30,E2GI,0.2_um,75,0.05
30/06/2016,2016,6,30,E2GI,2_um,0,0.057
30/06/2016,2016,6,30,E2GI,2_um,20,0.073
30/06/2016,2016,6,30,E2GI,2_um,35,0.158
30/06/2016,2016,6,30,E2GI,2_um,75,0.082
30/06/2016,2016,6,30,E2GI,20_um,0,0.026
30/06/2016,2016,6,30,E2GI,20_um,20,0.015
30/06/2016,2016,6,30,E2GI,20_um,35,0.039
30/06/2016,2016,6,30,E2GI,20_um,75,0.029
30/06/2016,2016,6,30,E2GI,GFF,0,0.104
30/06/2016,2016,6,30,E2GI,GFF,10,0.126
30/06/2016,2016,6,30,E2GI,GFF,20,0.164
30/06/2016,2016,6,30,E2GI,GFF,30,0.305
30/06/2016,2016,6,30,E2GI,GFF,35,0.692
30/06/2016,2016,6,30,E2GI,GFF,40,0.421
30/06/2016,2016,6,30,E2GI,GFF,50,0.345
30/06/2016,2016,6,30,E2GI,GFF,75,0.131
30/06/2016,2016,6,30,E2GI,GFF,100,0.029
31/07/2016,2016,7,31,E2GI,0.2_um,0,0.069
31/07/2016,2016,7,31,E2GI,0.2_um,20,0.152
31/07/2016,2016,7,31,E2GI,0.2_um,40,0.288
31/07/2016,2016,7,31,E2GI,0.2_um,75,0.035
31/07/2016,2016,7,31,E2GI,2_um,0,0.04
31/07/2016,2016,7,31,E2GI,2_um,20,0.092
31/07/2016,2016,7,31,E2GI,2_um,40,0.323
31/07/2016,2016,7,31,E2GI,2_um,75,0.224
31/07/2016,2016,7,31,E2GI,20_um,0,0.025
31/07/2016,2016,7,31,E2GI,20_um,20,0.062
31/07/2016,2016,7,31,E2GI,20_um,40,0.185
31/07/2016,2016,7,31,E2GI,20_um,75,0.011
31/07/2016,2016,7,31,E2GI,GFF,0,0.194
31/07/2016,2016,7,31,E2GI,GFF,10,0.256
31/07/2016,2016,7,31,E2GI,GFF,20,0.318
31/07/2016,2016,7,31,E2GI,GFF,30,0.466
31/07/2016,2016,7,31,E2GI,GFF,40,0.953
31/07/2016,2016,7,31,E2GI,GFF,50,1.73
31/07/2016,2016,7,31,E2GI,GFF,75,0.283
31/07/2016,2016,7,31,E2GI,GFF,100,0.168
26/08/2016,2016,8,26,E2GI,0.2_um,0,3.359
26/08/2016,2016,8,26,E2GI,0.2_um,20,0.461
26/08/2016,2016,8,26,E2GI,2_um,0,0.372
26/08/2016,2016,8,26,E2GI,2_um,20,2.991
26/08/2016,2016,8,26,E2GI,20_um,0,0.082
26/08/2016,2016,8,26,E2GI,20_um,20,0.051
26/08/2016,2016,8,26,E2GI,GFF,0,3.193
26/08/2016,2016,8,26,E2GI,GFF,10,5.404
26/08/2016,2016,8,26,E2GI,GFF,20,5.247
18/09/2016,2016,9,18,E2GI,0.2_um,0,0.104
18/09/2016,2016,9,18,E2GI,0.2_um,20,0.196
18/09/2016,2016,9,18,E2GI,0.2_um,30,0.299
18/09/2016,2016,9,18,E2GI,0.2_um,75,0.081
18/09/2016,2016,9,18,E2GI,2_um,0,0.061
18/09/2016,2016,9,18,E2GI,2_um,20,0.2
18/09/2016,2016,9,18,E2GI,2_um,30,0.026
18/09/2016,2016,9,18,E2GI,2_um,75,0.041
18/09/2016,2016,9,18,E2GI,20_um,0,0.019
18/09/2016,2016,9,18,E2GI,20_um,20,0.027
18/09/2016,2016,9,18,E2GI,20_um,30,0.038
18/09/2016,2016,9,18,E2GI,20_um,75,0.018
18/09/2016,2016,9,18,E2GI,GFF,0,0.134
18/09/2016,2016,9,18,E2GI,GFF,10,0.205
18/09/2016,2016,9,18,E2GI,GFF,20,0.361
18/09/2016,2016,9,18,E2GI,GFF,30,0.571
18/09/2016,2016,9,18,E2GI,GFF,40,0.274
18/09/2016,2016,9,18,E2GI,GFF,50,0.214
18/09/2016,2016,9,18,E2GI,GFF,75,0.112
18/09/2016,2016,9,18,E2GI,GFF,100,0.045
07/10/2016,2016,10,7,E2GI,0.2_um,0,0.132
07/10/2016,2016,10,7,E2GI,0.2_um,20,0.17
07/10/2016,2016,10,7,E2GI,0.2_um,30,0.281
07/10/2016,2016,10,7,E2GI,0.2_um,75,0.03
07/10/2016,2016,10,7,E2GI,20_um,0,0.055
07/10/2016,2016,10,7,E2GI,20_um,20,0.041
07/10/2016,2016,10,7,E2GI,20_um,30,0.043
07/10/2016,2016,10,7,E2GI,20_um,75,0.011
07/10/2016,2016,10,7,E2GI,GFF,0,0.412
07/10/2016,2016,10,7,E2GI,GFF,10,0.379
07/10/2016,2016,10,7,E2GI,GFF,20,0.357
07/10/2016,2016,10,7,E2GI,GFF,30,0.4
07/10/2016,2016,10,7,E2GI,GFF,40,0.354
07/10/2016,2016,10,7,E2GI,GFF,50,0.207
07/10/2016,2016,10,7,E2GI,GFF,75,0.063
07/10/2016,2016,10,7,E2GI,GFF,100,0.036
07/10/2016,2016,10,7,E2GI,2_um,20,0.084
07/10/2016,2016,10,7,E2GI,2_um,30,0.062
07/10/2016,2016,10,7,E2GI,2_um,75,0.022
17/11/2016,2016,11,17,E2GI,0.2_um,0,0.456
17/11/2016,2016,11,17,E2GI,0.2_um,20,0.238
17/11/2016,2016,11,17,E2GI,0.2_um,75,0.068
17/11/2016,2016,11,17,E2GI,2_um,0,0.029
17/11/2016,2016,11,17,E2GI,2_um,20,0.216
17/11/2016,2016,11,17,E2GI,2_um,75,0.053
17/11/2016,2016,11,17,E2GI,20_um,0,0.034
17/11/2016,2016,11,17,E2GI,20_um,20,0.02
17/11/2016,2016,11,17,E2GI,20_um,75,0.009
17/11/2016,2016,11,17,E2GI,GFF,0,0.656
17/11/2016,2016,11,17,E2GI,GFF,10,0.618
17/11/2016,2016,11,17,E2GI,GFF,20,0.612
17/11/2016,2016,11,17,E2GI,GFF,30,0.582
17/11/2016,2016,11,17,E2GI,GFF,40,0.207
17/11/2016,2016,11,17,E2GI,GFF,50,0.141
17/11/2016,2016,11,17,E2GI,GFF,75,0.099
17/11/2016,2016,11,17,E2GI,GFF,100,0.077
15/12/2016,2016,12,15,E2GI,0.2_um,0,0.139
15/12/2016,2016,12,15,E2GI,0.2_um,20,0.148
15/12/2016,2016,12,15,E2GI,0.2_um,75,0.071
15/12/2016,2016,12,15,E2GI,2_um,0,0.053
15/12/2016,2016,12,15,E2GI,2_um,20,0.068
15/12/2016,2016,12,15,E2GI,2_um,75,0.059
15/12/2016,2016,12,15,E2GI,20_um,0,0.033
15/12/2016,2016,12,15,E2GI,20_um,20,0.027
15/12/2016,2016,12,15,E2GI,20_um,75,0.016
15/12/2016,2016,12,15,E2GI,GFF,0,0.347
15/12/2016,2016,12,15,E2GI,GFF,10,0.326
15/12/2016,2016,12,15,E2GI,GFF,20,0.247
15/12/2016,2016,12,15,E2GI,GFF,30,0.206
15/12/2016,2016,12,15,E2GI,GFF,40,0.185
15/12/2016,2016,12,15,E2GI,GFF,50,0.17
15/12/2016,2016,12,15,E2GI,GFF,75,0.173
15/12/2016,2016,12,15,E2GI,GFF,100,0.173
29/01/2017,2017,1,29,E2GI,0.2_um,0,0.152
29/01/2017,2017,1,29,E2GI,0.2_um,20,0.12
29/01/2017,2017,1,29,E2GI,0.2_um,75,0.2
29/01/2017,2017,1,29,E2GI,2_um,0,0.145
29/01/2017,2017,1,29,E2GI,2_um,20,0.142
29/01/2017,2017,1,29,E2GI,2_um,75,0.075
29/01/2017,2017,1,29,E2GI,20_um,0,0.053
29/01/2017,2017,1,29,E2GI,20_um,20,0.043
29/01/2017,2017,1,29,E2GI,20_um,75,0.045
29/01/2017,2017,1,29,E2GI,GFF,0,0.426
29/01/2017,2017,1,29,E2GI,GFF,10,0.396
29/01/2017,2017,1,29,E2GI,GFF,20,0.333
29/01/2017,2017,1,29,E2GI,GFF,30,0.34
29/01/2017,2017,1,29,E2GI,GFF,40,0.332
29/01/2017,2017,1,29,E2GI,GFF,50,0.301
29/01/2017,2017,1,29,E2GI,GFF,75,0.297
29/01/2017,2017,1,29,E2GI,GFF,100,0.337
26/02/2017,2017,2,26,E2GI,0.2_um,0,0.342
26/02/2017,2017,2,26,E2GI,0.2_um,20,0.298
26/02/2017,2017,2,26,E2GI,0.2_um,75,0.066
26/02/2017,2017,2,26,E2GI,2_um,0,0.159
26/02/2017,2017,2,26,E2GI,2_um,20,0.278
26/02/2017,2017,2,26,E2GI,2_um,75,0.042
26/02/2017,2017,2,26,E2GI,20_um,0,0.104
26/02/2017,2017,2,26,E2GI,20_um,20,0.07
26/02/2017,2017,2,26,E2GI,20_um,75,0.025
26/02/2017,2017,2,26,E2GI,GFF,0,0.786
26/02/2017,2017,2,26,E2GI,GFF,10,0.673
26/02/2017,2017,2,26,E2GI,GFF,20,0.814
26/02/2017,2017,2,26,E2GI,GFF,30,0.501
26/02/2017,2017,2,26,E2GI,GFF,40,0.163
26/02/2017,2017,2,26,E2GI,GFF,50,0.174
26/02/2017,2017,2,26,E2GI,GFF,75,0.181
26/02/2017,2017,2,26,E2GI,GFF,100,0.073
28/03/2017,2017,3,28,E2GI,0.2_um,0,0.119
28/03/2017,2017,3,28,E2GI,0.2_um,20,0.133
28/03/2017,2017,3,28,E2GI,0.2_um,75,0.088
28/03/2017,2017,3,28,E2GI,2_um,0,0.095
28/03/2017,2017,3,28,E2GI,2_um,20,0.212
28/03/2017,2017,3,28,E2GI,2_um,75,0.061
28/03/2017,2017,3,28,E2GI,20_um,0,0.09
28/03/2017,2017,3,28,E2GI,20_um,20,0.122
28/03/2017,2017,3,28,E2GI,20_um,75,0.033
28/03/2017,2017,3,28,E2GI,GFF,0,0.419
28/03/2017,2017,3,28,E2GI,GFF,10,0.364
28/03/2017,2017,3,28,E2GI,GFF,20,0.434
28/03/2017,2017,3,28,E2GI,GFF,30,0.417
28/03/2017,2017,3,28,E2GI,GFF,40,0.295
28/03/2017,2017,3,28,E2GI,GFF,50,0.154
28/03/2017,2017,3,28,E2GI,GFF,75,0.166
28/03/2017,2017,3,28,E2GI,GFF,100,0.112
29/04/2017,2017,4,29,E2GI,0.2_um,0,0.128
29/04/2017,2017,4,29,E2GI,0.2_um,20,0.138
29/04/2017,2017,4,29,E2GI,0.2_um,75,0.082
29/04/2017,2017,4,29,E2GI,2_um,0,0.252
29/04/2017,2017,4,29,E2GI,2_um,20,0.147
29/04/2017,2017,4,29,E2GI,2_um,75,0.16
29/04/2017,2017,4,29,E2GI,20_um,0,2.33
29/04/2017,2017,4,29,E2GI,20_um,20,2.412
29/04/2017,2017,4,29,E2GI,20_um,75,2.244
29/04/2017,2017,4,29,E2GI,GFF,0,2.194
29/04/2017,2017,4,29,E2GI,GFF,10,1.949
29/04/2017,2017,4,29,E2GI,GFF,20,3.409
29/04/2017,2017,4,29,E2GI,GFF,30,2.806
29/04/2017,2017,4,29,E2GI,GFF,40,1.762
29/04/2017,2017,4,29,E2GI,GFF,50,2.208
29/04/2017,2017,4,29,E2GI,GFF,75,2.619
29/04/2017,2017,4,29,E2GI,GFF,100,0.849
30/05/2017,2017,5,30,E2GI,0.2_um,0,0.032
30/05/2017,2017,5,30,E2GI,0.2_um,20,0.636
30/05/2017,2017,5,30,E2GI,0.2_um,30,0.188
30/05/2017,2017,5,30,E2GI,0.2_um,75,0.126
30/05/2017,2017,5,30,E2GI,2_um,0,0.019
30/05/2017,2017,5,30,E2GI,2_um,20,0.01
30/05/2017,2017,5,30,E2GI,2_um,30,0.392
30/05/2017,2017,5,30,E2GI,2_um,75,0.028
30/05/2017,2017,5,30,E2GI,20_um,0,0.213
30/05/2017,2017,5,30,E2GI,20_um,20,0.004
30/05/2017,2017,5,30,E2GI,20_um,30,0.022
30/05/2017,2017,5,30,E2GI,20_um,75,0.003
30/05/2017,2017,5,30,E2GI,GFF,0,0.263
30/05/2017,2017,5,30,E2GI,GFF,10,0.44
30/05/2017,2017,5,30,E2GI,GFF,20,0.528
30/05/2017,2017,5,30,E2GI,GFF,30,0.933
30/05/2017,2017,5,30,E2GI,GFF,40,0.608
30/05/2017,2017,5,30,E2GI,GFF,50,0.35
30/05/2017,2017,5,30,E2GI,GFF,75,0.152
30/05/2017,2017,5,30,E2GI,GFF,100,0.098
02/07/2017,2017,6,2,E2GI,0.2_um,0,0.063
02/07/2017,2017,6,2,E2GI,0.2_um,20,0.109
02/07/2017,2017,6,2,E2GI,0.2_um,50,0.115
02/07/2017,2017,6,2,E2GI,0.2_um,75,0.097
02/07/2017,2017,6,2,E2GI,2_um,0,0.044
02/07/2017,2017,6,2,E2GI,2_um,20,0.076
02/07/2017,2017,6,2,E2GI,2_um,50,0.094
02/07/2017,2017,6,2,E2GI,2_um,75,0.066
02/07/2017,2017,6,2,E2GI,20_um,0,0.051
02/07/2017,2017,6,2,E2GI,20_um,20,0.116
02/07/2017,2017,6,2,E2GI,20_um,50,0.18
02/07/2017,2017,6,2,E2GI,20_um,75,0.113
02/07/2017,2017,6,2,E2GI,GFF,0,0.2
02/07/2017,2017,6,2,E2GI,GFF,10,0.208
02/07/2017,2017,6,2,E2GI,GFF,20,0.29
02/07/2017,2017,6,2,E2GI,GFF,30,0.819
02/07/2017,2017,6,2,E2GI,GFF,40,0.789
02/07/2017,2017,6,2,E2GI,GFF,50,0.465
02/07/2017,2017,6,2,E2GI,GFF,75,0.102
02/07/2017,2017,6,2,E2GI,GFF,100,0.291
15/07/2017,2017,7,15,E2GI,0.2_um,0,0.065
15/07/2017,2017,7,15,E2GI,0.2_um,20,0.043
15/07/2017,2017,7,15,E2GI,0.2_um,45,0.062
15/07/2017,2017,7,15,E2GI,0.2_um,75,0.169
15/07/2017,2017,7,15,E2GI,2_um,0,0.026
15/07/2017,2017,7,15,E2GI,2_um,20,0.064
15/07/2017,2017,7,15,E2GI,2_um,45,0.227
15/07/2017,2017,7,15,E2GI,2_um,75,0.03
15/07/2017,2017,7,15,E2GI,20_um,0,0.006
15/07/2017,2017,7,15,E2GI,20_um,20,0.016
15/07/2017,2017,7,15,E2GI,20_um,45,0.026
15/07/2017,2017,7,15,E2GI,20_um,75,0.013
15/07/2017,2017,7,15,E2GI,GFF,0,0.133
15/07/2017,2017,7,15,E2GI,GFF,10,0.131
15/07/2017,2017,7,15,E2GI,GFF,30,0.206
15/07/2017,2017,7,15,E2GI,GFF,40,0.709
15/07/2017,2017,7,15,E2GI,GFF,45,0.039
15/07/2017,2017,7,15,E2GI,GFF,50,0.284
15/07/2017,2017,7,15,E2GI,GFF,100,0.07
10/08/2017,2017,8,10,E2GI,GFF,0,0.176
10/08/2017,2017,8,10,E2GI,GFF,10,0.196
10/08/2017,2017,8,10,E2GI,GFF,20,0.228
10/08/2017,2017,8,10,E2GI,GFF,30,0.432
10/08/2017,2017,8,10,E2GI,GFF,40,0.762
10/08/2017,2017,8,10,E2GI,GFF,45,0.426
10/08/2017,2017,8,10,E2GI,GFF,50,0.361
10/08/2017,2017,8,10,E2GI,GFF,75,0.04
10/08/2017,2017,8,10,E2GI,GFF,100,0.015
10/08/2017,2017,8,10,E2GI,0.2_um,20,0.155
10/08/2017,2017,8,10,E2GI,0.2_um,45,0.026
10/08/2017,2017,8,10,E2GI,0.2_um,75,0.021
10/08/2017,2017,8,10,E2GI,2_um,20,0.069
10/08/2017,2017,8,10,E2GI,2_um,45,0.139
10/08/2017,2017,8,10,E2GI,2_um,75,0.014
10/08/2017,2017,8,10,E2GI,20_um,20,0.007
10/08/2017,2017,8,10,E2GI,20_um,45,0.013
10/08/2017,2017,8,10,E2GI,20_um,75,0.007
01/09/2017,2017,9,1,E2GI,0.2_um,0,0.042
01/09/2017,2017,9,1,E2GI,0.2_um,20,0.173
01/09/2017,2017,9,1,E2GI,0.2_um,25,0.069
01/09/2017,2017,9,1,E2GI,0.2_um,75,0.018
01/09/2017,2017,9,1,E2GI,2_um,0,0.079
01/09/2017,2017,9,1,E2GI,2_um,20,0.182
01/09/2017,2017,9,1,E2GI,2_um,25,0.46
01/09/2017,2017,9,1,E2GI,2_um,75,0.046
01/09/2017,2017,9,1,E2GI,20_um,0,0.073
01/09/2017,2017,9,1,E2GI,20_um,20,0.047
01/09/2017,2017,9,1,E2GI,20_um,25,0.03
01/09/2017,2017,9,1,E2GI,20_um,75,0.025
01/09/2017,2017,9,1,E2GI,GFF,0,0.121
01/09/2017,2017,9,1,E2GI,GFF,10,0.07
01/09/2017,2017,9,1,E2GI,GFF,20,0.508
01/09/2017,2017,9,1,E2GI,GFF,25,0.952
01/09/2017,2017,9,1,E2GI,GFF,30,0.94
01/09/2017,2017,9,1,E2GI,GFF,50,0.968
01/09/2017,2017,9,1,E2GI,GFF,75,0.1
01/09/2017,2017,9,1,E2GI,GFF,100,0.046
05/10/2017,2017,10,5,E2GI,0.2_um,0,0.127
05/10/2017,2017,10,5,E2GI,0.2_um,20,0.142
05/10/2017,2017,10,5,E2GI,0.2_um,50,0.272
05/10/2017,2017,10,5,E2GI,0.2_um,75,0.038
05/10/2017,2017,10,5,E2GI,2_um,0,0.041
05/10/2017,2017,10,5,E2GI,2_um,20,0.074
05/10/2017,2017,10,5,E2GI,2_um,50,0.032
05/10/2017,2017,10,5,E2GI,2_um,75,0.034
05/10/2017,2017,10,5,E2GI,20_um,0,0.071
05/10/2017,2017,10,5,E2GI,20_um,20,0.028
05/10/2017,2017,10,5,E2GI,20_um,50,0.009
05/10/2017,2017,10,5,E2GI,20_um,75,0.009
05/10/2017,2017,10,5,E2GI,GFF,0,0.252
05/10/2017,2017,10,5,E2GI,GFF,10,0.242
05/10/2017,2017,10,5,E2GI,GFF,20,0.315
05/10/2017,2017,10,5,E2GI,GFF,30,0.39
05/10/2017,2017,10,5,E2GI,GFF,40,0.471
05/10/2017,2017,10,5,E2GI,GFF,50,0.355
05/10/2017,2017,10,5,E2GI,GFF,75,0.057
05/10/2017,2017,10,5,E2GI,GFF,100,0.029
12/11/2017,2017,11,12,E2GI,0.2_um,0,0.211
12/11/2017,2017,11,12,E2GI,0.2_um,20,0.187
12/11/2017,2017,11,12,E2GI,0.2_um,75,0.038
12/11/2017,2017,11,12,E2GI,2_um,0,0.038
12/11/2017,2017,11,12,E2GI,2_um,20,0.057
12/11/2017,2017,11,12,E2GI,2_um,75,0.014
12/11/2017,2017,11,12,E2GI,20_um,0,0.022
12/11/2017,2017,11,12,E2GI,20_um,20,0.009
12/11/2017,2017,11,12,E2GI,20_um,75,0.018
12/11/2017,2017,11,12,E2GI,GFF,0,0.297
12/11/2017,2017,11,12,E2GI,GFF,20,0.284
12/11/2017,2017,11,12,E2GI,GFF,30,0.282
12/11/2017,2017,11,12,E2GI,GFF,40,0.191
12/11/2017,2017,11,12,E2GI,GFF,50,0.145
12/11/2017,2017,11,12,E2GI,GFF,75,0.058
12/11/2017,2017,11,12,E2GI,GFF,100,0.04
20/12/2017,2017,12,20,E2GI,0.2_um,0,0.003
20/12/2017,2017,12,20,E2GI,0.2_um,20,0.199
20/12/2017,2017,12,20,E2GI,0.2_um,75,0.041
20/12/2017,2017,12,20,E2GI,2_um,0,0.003
20/12/2017,2017,12,20,E2GI,2_um,20,0.147
20/12/2017,2017,12,20,E2GI,2_um,75,0.031
20/12/2017,2017,12,20,E2GI,20_um,0,0.002
20/12/2017,2017,12,20,E2GI,20_um,20,0.031
20/12/2017,2017,12,20,E2GI,20_um,75,0.021
20/12/2017,2017,12,20,E2GI,GFF,0,0.33
20/12/2017,2017,12,20,E2GI,GFF,10,0.248
20/12/2017,2017,12,20,E2GI,GFF,20,0.241
20/12/2017,2017,12,20,E2GI,GFF,30,0.223
20/12/2017,2017,12,20,E2GI,GFF,40,0.179
20/12/2017,2017,12,20,E2GI,GFF,50,0.175
20/12/2017,2017,12,20,E2GI,GFF,75,0.134
20/12/2017,2017,12,20,E2GI,GFF,100,0.102
30/01/2018,2018,1,30,E2GI,0.2_um,0,0.36
30/01/2018,2018,1,30,E2GI,0.2_um,20,0.016
30/01/2018,2018,1,30,E2GI,0.2_um,75,0.034
30/01/2018,2018,1,30,E2GI,2_um,0,0.308
30/01/2018,2018,1,30,E2GI,2_um,20,0.267
30/01/2018,2018,1,30,E2GI,2_um,75,0.057
30/01/2018,2018,1,30,E2GI,20_um,0,0.036
30/01/2018,2018,1,30,E2GI,20_um,20,0.203
30/01/2018,2018,1,30,E2GI,20_um,75,0.011
30/01/2018,2018,1,30,E2GI,GFF,0,0.783
30/01/2018,2018,1,30,E2GI,GFF,10,0.676
30/01/2018,2018,1,30,E2GI,GFF,20,0.476
30/01/2018,2018,1,30,E2GI,GFF,30,0.32
30/01/2018,2018,1,30,E2GI,GFF,40,0.303
30/01/2018,2018,1,30,E2GI,GFF,50,0.324
30/01/2018,2018,1,30,E2GI,GFF,75,0.097
30/01/2018,2018,1,30,E2GI,GFF,100,0.095
22/02/2018,2018,2,22,E2GI,0.2_um,0,0.176
22/02/2018,2018,2,22,E2GI,0.2_um,20,0.281
22/02/2018,2018,2,22,E2GI,0.2_um,75,0.02
22/02/2018,2018,2,22,E2GI,2_um,0,0.136
22/02/2018,2018,2,22,E2GI,2_um,20,0.109
22/02/2018,2018,2,22,E2GI,2_um,75,0.026
22/02/2018,2018,2,22,E2GI,20_um,0,0.053
22/02/2018,2018,2,22,E2GI,20_um,20,0.06
22/02/2018,2018,2,22,E2GI,20_um,75,0.022
22/02/2018,2018,2,22,E2GI,GFF,0,0.485
22/02/2018,2018,2,22,E2GI,GFF,10,0.427
22/02/2018,2018,2,22,E2GI,GFF,20,0.461
22/02/2018,2018,2,22,E2GI,GFF,30,0.441
22/02/2018,2018,2,22,E2GI,GFF,40,0.451
22/02/2018,2018,2,22,E2GI,GFF,50,0.2
22/02/2018,2018,2,22,E2GI,GFF,75,0.052
22/02/2018,2018,2,22,E2GI,GFF,100,0.056
23/03/2018,2018,3,23,E2GI,0.2_um,0,0.141
23/03/2018,2018,3,23,E2GI,0.2_um,20,0.239
23/03/2018,2018,3,23,E2GI,0.2_um,30,0.211
23/03/2018,2018,3,23,E2GI,0.2_um,75,0.112
23/03/2018,2018,3,23,E2GI,2_um,0,0.213
23/03/2018,2018,3,23,E2GI,2_um,20,0.259
23/03/2018,2018,3,23,E2GI,2_um,30,0.266
23/03/2018,2018,3,23,E2GI,2_um,75,0.067
23/03/2018,2018,3,23,E2GI,20_um,0,0.048
23/03/2018,2018,3,23,E2GI,20_um,20,0.052
23/03/2018,2018,3,23,E2GI,20_um,30,0.035
23/03/2018,2018,3,23,E2GI,20_um,75,0.036
23/03/2018,2018,3,23,E2GI,GFF,0,0.602
23/03/2018,2018,3,23,E2GI,GFF,10,0.648
23/03/2018,2018,3,23,E2GI,GFF,20,0.685
23/03/2018,2018,3,23,E2GI,GFF,30,0.496
23/03/2018,2018,3,23,E2GI,GFF,40,0.481
23/03/2018,2018,3,23,E2GI,GFF,50,0.325
23/03/2018,2018,3,23,E2GI,GFF,75,0.285
23/03/2018,2018,3,23,E2GI,GFF,100,0.211
24/04/2018,2018,4,24,E2GI,0.2_um,0,0.16
24/04/2018,2018,4,24,E2GI,0.2_um,20,0.102
24/04/2018,2018,4,24,E2GI,0.2_um,35,0.16
24/04/2018,2018,4,24,E2GI,0.2_um,75,0.065
24/04/2018,2018,4,24,E2GI,2_um,0,0.216
24/04/2018,2018,4,24,E2GI,2_um,20,0.127
24/04/2018,2018,4,24,E2GI,2_um,35,0.14
24/04/2018,2018,4,24,E2GI,2_um,75,0.08
24/04/2018,2018,4,24,E2GI,20_um,0,2.273
24/04/2018,2018,4,24,E2GI,20_um,20,0.232
24/04/2018,2018,4,24,E2GI,20_um,35,0.105
24/04/2018,2018,4,24,E2GI,20_um,75,0.026
24/04/2018,2018,4,24,E2GI,GFF,0,2.943
24/04/2018,2018,4,24,E2GI,GFF,10,0.708
24/04/2018,2018,4,24,E2GI,GFF,20,0.465
24/04/2018,2018,4,24,E2GI,GFF,30,0.852
24/04/2018,2018,4,24,E2GI,GFF,35,0.569
24/04/2018,2018,4,24,E2GI,GFF,40,0.679
24/04/2018,2018,4,24,E2GI,GFF,50,0.395
24/04/2018,2018,4,24,E2GI,GFF,75,0.262
24/04/2018,2018,4,24,E2GI,GFF,100,0.114
03/05/2018,2018,5,3,E2GI,0.2_um,0,0.317
03/05/2018,2018,5,3,E2GI,0.2_um,20,0.901
03/05/2018,2018,5,3,E2GI,0.2_um,30,0.699
03/05/2018,2018,5,3,E2GI,0.2_um,75,0.024
03/05/2018,2018,5,3,E2GI,2_um,0,0.153
03/05/2018,2018,5,3,E2GI,2_um,20,0.421
03/05/2018,2018,5,3,E2GI,2_um,30,0.424
03/05/2018,2018,5,3,E2GI,2_um,75,0.034
03/05/2018,2018,5,3,E2GI,20_um,0,0.02
03/05/2018,2018,5,3,E2GI,20_um,20,0.072
03/05/2018,2018,5,3,E2GI,20_um,30,0.041
03/05/2018,2018,5,3,E2GI,20_um,75,0.019
03/05/2018,2018,5,3,E2GI,GFF,0,0.805
03/05/2018,2018,5,3,E2GI,GFF,10,1.086
03/05/2018,2018,5,3,E2GI,GFF,20,1.684
03/05/2018,2018,5,3,E2GI,GFF,30,1.407
03/05/2018,2018,5,3,E2GI,GFF,50,0.153
03/05/2018,2018,5,3,E2GI,GFF,75,0.073
03/05/2018,2018,5,3,E2GI,GFF,100,0.061
25/06/2018,2018,6,25,E2GI,0.2_um,0,0.053
25/06/2018,2018,6,25,E2GI,0.2_um,20,0.078
25/06/2018,2018,6,25,E2GI,0.2_um,25,0.069
25/06/2018,2018,6,25,E2GI,0.2_um,75,0.005
25/06/2018,2018,6,25,E2GI,2_um,0,0.04
25/06/2018,2018,6,25,E2GI,2_um,20,0.051
25/06/2018,2018,6,25,E2GI,2_um,25,0.054
25/06/2018,2018,6,25,E2GI,2_um,75,0.016
25/06/2018,2018,6,25,E2GI,20_um,0,0.14
25/06/2018,2018,6,25,E2GI,20_um,20,0.16
25/06/2018,2018,6,25,E2GI,20_um,25,0.227
25/06/2018,2018,6,25,E2GI,20_um,75,0.025
25/06/2018,2018,6,25,E2GI,GFF,0,0.226
25/06/2018,2018,6,25,E2GI,GFF,10,0.227
25/06/2018,2018,6,25,E2GI,GFF,20,0.332
25/06/2018,2018,6,25,E2GI,GFF,25,0.525
25/06/2018,2018,6,25,E2GI,GFF,30,0.312
25/06/2018,2018,6,25,E2GI,GFF,40,0.184
25/06/2018,2018,6,25,E2GI,GFF,50,0.156
25/06/2018,2018,6,25,E2GI,GFF,75,0.04
25/06/2018,2018,6,25,E2GI,GFF,100,0.066
22/07/2018,2018,7,22,E2GI,0.2_um,0,0.006
22/07/2018,2018,7,22,E2GI,0.2_um,20,0.089
22/07/2018,2018,7,22,E2GI,0.2_um,35,0.162
22/07/2018,2018,7,22,E2GI,0.2_um,75,0.009
22/07/2018,2018,7,22,E2GI,2_um,0,0.052
22/07/2018,2018,7,22,E2GI,2_um,20,0.085
22/07/2018,2018,7,22,E2GI,2_um,35,0.113
22/07/2018,2018,7,22,E2GI,2_um,75,0.028
22/07/2018,2018,7,22,E2GI,20_um,0,0.052
22/07/2018,2018,7,22,E2GI,20_um,20,0.028
22/07/2018,2018,7,22,E2GI,20_um,35,0.102
22/07/2018,2018,7,22,E2GI,20_um,75,0.025
22/07/2018,2018,7,22,E2GI,GFF,0,0.177
22/07/2018,2018,7,22,E2GI,GFF,10,0.212
22/07/2018,2018,7,22,E2GI,GFF,20,0.236
22/07/2018,2018,7,22,E2GI,GFF,30,0.312
22/07/2018,2018,7,22,E2GI,GFF,35,0.481
22/07/2018,2018,7,22,E2GI,GFF,40,0.314
22/07/2018,2018,7,22,E2GI,GFF,50,0.201
22/07/2018,2018,7,22,E2GI,GFF,75,0.057
22/07/2018,2018,7,22,E2GI,GFF,100,0.057
29/08/2018,2018,8,29,E2GI,0.2_um,0,0.06
29/08/2018,2018,8,29,E2GI,0.2_um,20,0.14
29/08/2018,2018,8,29,E2GI,0.2_um,40,0.252
29/08/2018,2018,8,29,E2GI,0.2_um,75,0.045
29/08/2018,2018,8,29,E2GI,2_um,0,0.091
29/08/2018,2018,8,29,E2GI,2_um,20,0.07
29/08/2018,2018,8,29,E2GI,2_um,40,0.26
29/08/2018,2018,8,29,E2GI,2_um,75,0.035
29/08/2018,2018,8,29,E2GI,20_um,0,0.042
29/08/2018,2018,8,29,E2GI,20_um,20,0.017
29/08/2018,2018,8,29,E2GI,20_um,40,0.028
29/08/2018,2018,8,29,E2GI,20_um,75,0.018
29/08/2018,2018,8,29,E2GI,GFF,0,0.276
29/08/2018,2018,8,29,E2GI,GFF,10,0.281
29/08/2018,2018,8,29,E2GI,GFF,20,0.231
29/08/2018,2018,8,29,E2GI,GFF,30,0.892
29/08/2018,2018,8,29,E2GI,GFF,40,0.614
29/08/2018,2018,8,29,E2GI,GFF,50,0.362
29/08/2018,2018,8,29,E2GI,GFF,75,0.074
29/08/2018,2018,8,29,E2GI,GFF,100,0.028
22/09/2018,2018,9,22,E2GI,0.2_um,0,0.373
22/09/2018,2018,9,22,E2GI,0.2_um,20,0.189
22/09/2018,2018,9,22,E2GI,0.2_um,75,0.047
22/09/2018,2018,9,22,E2GI,2_um,0,1.097
22/09/2018,2018,9,22,E2GI,2_um,20,1.053
22/09/2018,2018,9,22,E2GI,2_um,75,0.062
22/09/2018,2018,9,22,E2GI,20_um,0,1.974
22/09/2018,2018,9,22,E2GI,20_um,20,2.249
22/09/2018,2018,9,22,E2GI,20_um,75,0.057
22/09/2018,2018,9,22,E2GI,GFF,0,4.187
22/09/2018,2018,9,22,E2GI,GFF,10,3.727
22/09/2018,2018,9,22,E2GI,GFF,20,4.691
22/09/2018,2018,9,22,E2GI,GFF,30,4.734
22/09/2018,2018,9,22,E2GI,GFF,40,1.253
22/09/2018,2018,9,22,E2GI,GFF,50,0.649
22/09/2018,2018,9,22,E2GI,GFF,75,0.151
22/09/2018,2018,9,22,E2GI,GFF,100,0.124
03/10/2018,2018,10,3,E2GI,0.2_um,0,0.478
03/10/2018,2018,10,3,E2GI,0.2_um,10,0.735
03/10/2018,2018,10,3,E2GI,0.2_um,20,0.325
03/10/2018,2018,10,3,E2GI,0.2_um,75,0.237
03/10/2018,2018,10,3,E2GI,2_um,0,0.565
03/10/2018,2018,10,3,E2GI,2_um,10,0.315
03/10/2018,2018,10,3,E2GI,2_um,20,0.332
03/10/2018,2018,10,3,E2GI,2_um,75,0.011
03/10/2018,2018,10,3,E2GI,20_um,0,0.527
03/10/2018,2018,10,3,E2GI,20_um,10,0.659
03/10/2018,2018,10,3,E2GI,20_um,20,0.563
03/10/2018,2018,10,3,E2GI,20_um,75,0.014
03/10/2018,2018,10,3,E2GI,GFF,0,1.88
03/10/2018,2018,10,3,E2GI,GFF,10,1.849
03/10/2018,2018,10,3,E2GI,GFF,20,1.371
03/10/2018,2018,10,3,E2GI,GFF,30,0.632
03/10/2018,2018,10,3,E2GI,GFF,40,0.651
03/10/2018,2018,10,3,E2GI,GFF,50,0.437
03/10/2018,2018,10,3,E2GI,GFF,75,0.2
03/10/2018,2018,10,3,E2GI,GFF,100,0.118
27/11/2018,2018,11,27,E2GI,0.2_um,0,0.325
27/11/2018,2018,11,27,E2GI,0.2_um,20,0.296
27/11/2018,2018,11,27,E2GI,0.2_um,75,0.026
27/11/2018,2018,11,27,E2GI,2_um,0,0.199
27/11/2018,2018,11,27,E2GI,2_um,20,0.168
27/11/2018,2018,11,27,E2GI,2_um,75,0.03
27/11/2018,2018,11,27,E2GI,20_um,0,0.035
27/11/2018,2018,11,27,E2GI,20_um,20,0.025
27/11/2018,2018,11,27,E2GI,20_um,75,0.007
27/11/2018,2018,11,27,E2GI,GFF,0,0.363
27/11/2018,2018,11,27,E2GI,GFF,10,0.56
27/11/2018,2018,11,27,E2GI,GFF,20,0.351
27/11/2018,2018,11,27,E2GI,GFF,30,0.556
27/11/2018,2018,11,27,E2GI,GFF,40,0.499
27/11/2018,2018,11,27,E2GI,GFF,50,0.51
27/11/2018,2018,11,27,E2GI,GFF,75,0.153
27/11/2018,2018,11,27,E2GI,GFF,100,0.095
12/12/2018,2018,12,12,E2GI,0.2_um,0,0.199
12/12/2018,2018,12,12,E2GI,0.2_um,20,0.435
12/12/2018,2018,12,12,E2GI,0.2_um,75,0.042
12/12/2018,2018,12,12,E2GI,2_um,0,0.054
12/12/2018,2018,12,12,E2GI,2_um,20,0.01
12/12/2018,2018,12,12,E2GI,2_um,75,0.022
12/12/2018,2018,12,12,E2GI,20_um,0,0.043
12/12/2018,2018,12,12,E2GI,20_um,20,0.012
12/12/2018,2018,12,12,E2GI,20_um,75,0.007
12/12/2018,2018,12,12,E2GI,GFF,0,0.367
12/12/2018,2018,12,12,E2GI,GFF,10,0.409
12/12/2018,2018,12,12,E2GI,GFF,20,0.413
12/12/2018,2018,12,12,E2GI,GFF,30,0.291
12/12/2018,2018,12,12,E2GI,GFF,40,0.306
12/12/2018,2018,12,12,E2GI,GFF,50,0.208
12/12/2018,2018,12,12,E2GI,GFF,75,0.102
12/12/2018,2018,12,12,E2GI,GFF,100,0.078
18/01/2019,2019,1,18,E2GI,0.2_um,0,0.185
18/01/2019,2019,1,18,E2GI,0.2_um,20,0.135
18/01/2019,2019,1,18,E2GI,0.2_um,75,0.052
18/01/2019,2019,1,18,E2GI,2_um,0,0.053
18/01/2019,2019,1,18,E2GI,2_um,20,0.082
18/01/2019,2019,1,18,E2GI,2_um,75,0.028
18/01/2019,2019,1,18,E2GI,20_um,0,0.033
18/01/2019,2019,1,18,E2GI,20_um,20,0.007
18/01/2019,2019,1,18,E2GI,20_um,75,0.008
18/01/2019,2019,1,18,E2GI,GFF,0,0.235
18/01/2019,2019,1,18,E2GI,GFF,10,0.176
18/01/2019,2019,1,18,E2GI,GFF,20,0.243
18/01/2019,2019,1,18,E2GI,GFF,30,0.283
18/01/2019,2019,1,18,E2GI,GFF,40,0.197
18/01/2019,2019,1,18,E2GI,GFF,50,0.207
18/01/2019,2019,1,18,E2GI,GFF,75,0.091
18/01/2019,2019,1,18,E2GI,GFF,100,0.099
23/02/2019,2019,2,23,E2GI,0.2_um,0,0.34
23/02/2019,2019,2,23,E2GI,0.2_um,10,0.082
23/02/2019,2019,2,23,E2GI,0.2_um,20,0.397
23/02/2019,2019,2,23,E2GI,0.2_um,75,0.032
23/02/2019,2019,2,23,E2GI,2_um,0,0.398
23/02/2019,2019,2,23,E2GI,2_um,10,0.226
23/02/2019,2019,2,23,E2GI,2_um,20,0.268
23/02/2019,2019,2,23,E2GI,2_um,75,0.168
23/02/2019,2019,2,23,E2GI,20_um,0,1.502
23/02/2019,2019,2,23,E2GI,20_um,10,1.164
23/02/2019,2019,2,23,E2GI,20_um,20,0.386
23/02/2019,2019,2,23,E2GI,20_um,75,0.049
23/02/2019,2019,2,23,E2GI,GFF,0,1.832
23/02/2019,2019,2,23,E2GI,GFF,10,1.895
23/02/2019,2019,2,23,E2GI,GFF,20,0.711
23/02/2019,2019,2,23,E2GI,GFF,30,0.693
23/02/2019,2019,2,23,E2GI,GFF,40,0.369
23/02/2019,2019,2,23,E2GI,GFF,50,0.277
23/02/2019,2019,2,23,E2GI,GFF,75,0.259
23/02/2019,2019,2,23,E2GI,GFF,100,0.216
07/03/2019,2019,3,7,E2GI,0.2_um,0,0.12
07/03/2019,2019,3,7,E2GI,0.2_um,20,0.368
07/03/2019,2019,3,7,E2GI,0.2_um,75,0.64
07/03/2019,2019,3,7,E2GI,2_um,0,0.415
07/03/2019,2019,3,7,E2GI,2_um,20,0.613
07/03/2019,2019,3,7,E2GI,2_um,75,0.318
07/03/2019,2019,3,7,E2GI,20_um,0,0.702
07/03/2019,2019,3,7,E2GI,20_um,20,1.198
07/03/2019,2019,3,7,E2GI,20_um,75,1.01
07/03/2019,2019,3,7,E2GI,GFF,0,1.366
07/03/2019,2019,3,7,E2GI,GFF,10,1.746
07/03/2019,2019,3,7,E2GI,GFF,20,2.046
07/03/2019,2019,3,7,E2GI,GFF,30,1.855
07/03/2019,2019,3,7,E2GI,GFF,40,1.865
07/03/2019,2019,3,7,E2GI,GFF,50,2.016
07/03/2019,2019,3,7,E2GI,GFF,75,2.307
07/03/2019,2019,3,7,E2GI,GFF,100,2.074
09/04/2019,2019,4,9,E2GI,0.2_um,0,0.182
09/04/2019,2019,4,9,E2GI,0.2_um,20,0.074
09/04/2019,2019,4,9,E2GI,0.2_um,75,0.128
09/04/2019,2019,4,9,E2GI,2_um,0,0.082
09/04/2019,2019,4,9,E2GI,2_um,20,0.129
09/04/2019,2019,4,9,E2GI,2_um,75,0.031
09/04/2019,2019,4,9,E2GI,20_um,0,0.217
09/04/2019,2019,4,9,E2GI,20_um,20,0.1
09/04/2019,2019,4,9,E2GI,20_um,75,0.017
09/04/2019,2019,4,9,E2GI,GFF,0,0.596
09/04/2019,2019,4,9,E2GI,GFF,10,0.491
09/04/2019,2019,4,9,E2GI,GFF,20,0.403
09/04/2019,2019,4,9,E2GI,GFF,30,0.359
09/04/2019,2019,4,9,E2GI,GFF,40,0.401
09/04/2019,2019,4,9,E2GI,GFF,50,0.306
09/04/2019,2019,4,9,E2GI,GFF,75,0.228
09/04/2019,2019,4,9,E2GI,GFF,100,0.209
02/05/2019,2019,5,2,E2GI,0.2_um,0,0.211
02/05/2019,2019,5,2,E2GI,0.2_um,20,0.285
02/05/2019,2019,5,2,E2GI,0.2_um,25,0.298
02/05/2019,2019,5,2,E2GI,0.2_um,75,0.05
02/05/2019,2019,5,2,E2GI,2_um,0,0.227
02/05/2019,2019,5,2,E2GI,2_um,20,0.282
02/05/2019,2019,5,2,E2GI,2_um,25,0.292
02/05/2019,2019,5,2,E2GI,2_um,75,0.05
02/05/2019,2019,5,2,E2GI,20_um,0,0.034
02/05/2019,2019,5,2,E2GI,20_um,20,0.167
02/05/2019,2019,5,2,E2GI,20_um,25,0.139
02/05/2019,2019,5,2,E2GI,20_um,75,0.046
02/05/2019,2019,5,2,E2GI,GFF,0,0.623
02/05/2019,2019,5,2,E2GI,GFF,10,0.699
02/05/2019,2019,5,2,E2GI,GFF,20,0.885
02/05/2019,2019,5,2,E2GI,GFF,25,0.928
02/05/2019,2019,5,2,E2GI,GFF,30,0.522
02/05/2019,2019,5,2,E2GI,GFF,40,0.599
02/05/2019,2019,5,2,E2GI,GFF,50,0.331
02/05/2019,2019,5,2,E2GI,GFF,75,0.139
02/05/2019,2019,5,2,E2GI,GFF,100,0.057
03/06/2019,2019,6,3,E2GI,0.2_um,0,0.089
03/06/2019,2019,6,3,E2GI,0.2_um,20,0.042
03/06/2019,2019,6,3,E2GI,0.2_um,50,0.18
03/06/2019,2019,6,3,E2GI,0.2_um,75,0.047
03/06/2019,2019,6,3,E2GI,2_um,0,0.035
03/06/2019,2019,6,3,E2GI,2_um,20,0.043
03/06/2019,2019,6,3,E2GI,2_um,50,0.159
03/06/2019,2019,6,3,E2GI,2_um,75,0.023
03/06/2019,2019,6,3,E2GI,20_um,0,0.009
03/06/2019,2019,6,3,E2GI,20_um,20,0.03
03/06/2019,2019,6,3,E2GI,20_um,50,0.031
03/06/2019,2019,6,3,E2GI,20_um,75,0.062
03/06/2019,2019,6,3,E2GI,GFF,0,0.158
03/06/2019,2019,6,3,E2GI,GFF,10,0.117
03/06/2019,2019,6,3,E2GI,GFF,20,0.129
03/06/2019,2019,6,3,E2GI,GFF,30,0.416
03/06/2019,2019,6,3,E2GI,GFF,40,0.833
03/06/2019,2019,6,3,E2GI,GFF,50,0.367
03/06/2019,2019,6,3,E2GI,GFF,75,0.127
03/06/2019,2019,6,3,E2GI,GFF,100,0.04
13/07/2019,2019,7,13,E2GI,0.2_um,0,0.054
13/07/2019,2019,7,13,E2GI,0.2_um,20,0.083
13/07/2019,2019,7,13,E2GI,0.2_um,45,0.597
13/07/2019,2019,7,13,E2GI,0.2_um,75,0.042
13/07/2019,2019,7,13,E2GI,2_um,0,0.035
13/07/2019,2019,7,13,E2GI,2_um,20,0.036
13/07/2019,2019,7,13,E2GI,2_um,45,0.123
13/07/2019,2019,7,13,E2GI,2_um,75,0.035
13/07/2019,2019,7,13,E2GI,20_um,0,0.006
13/07/2019,2019,7,13,E2GI,20_um,20,0.082
13/07/2019,2019,7,13,E2GI,20_um,45,0.049
13/07/2019,2019,7,13,E2GI,20_um,75,0.01
13/07/2019,2019,7,13,E2GI,GFF,0,0.085
13/07/2019,2019,7,13,E2GI,GFF,10,0.108
13/07/2019,2019,7,13,E2GI,GFF,20,0.172
13/07/2019,2019,7,13,E2GI,GFF,30,0.247
13/07/2019,2019,7,13,E2GI,GFF,40,0.684
13/07/2019,2019,7,13,E2GI,GFF,45,0.684
13/07/2019,2019,7,13,E2GI,GFF,50,0.406
13/07/2019,2019,7,13,E2GI,GFF,75,0.09
13/07/2019,2019,7,13,E2GI,GFF,100,0.014
16/08/2019,2019,8,16,E2GI,0.2_um,0,0.02
16/08/2019,2019,8,16,E2GI,0.2_um,20,0.108
16/08/2019,2019,8,16,E2GI,0.2_um,40,0.217
16/08/2019,2019,8,16,E2GI,0.2_um,75,0.007
16/08/2019,2019,8,16,E2GI,2_um,0,0.037
16/08/2019,2019,8,16,E2GI,2_um,20,0.038
16/08/2019,2019,8,16,E2GI,2_um,40,0.12
16/08/2019,2019,8,16,E2GI,2_um,75,0.027
16/08/2019,2019,8,16,E2GI,20_um,0,0.018
16/08/2019,2019,8,16,E2GI,20_um,20,0.076
16/08/2019,2019,8,16,E2GI,20_um,40,0.137
16/08/2019,2019,8,16,E2GI,20_um,75,0.021
16/08/2019,2019,8,16,E2GI,GFF,0,0.107
16/08/2019,2019,8,16,E2GI,GFF,10,0.099
16/08/2019,2019,8,16,E2GI,GFF,20,0.218
16/08/2019,2019,8,16,E2GI,GFF,30,0.709
16/08/2019,2019,8,16,E2GI,GFF,40,0.47
16/08/2019,2019,8,16,E2GI,GFF,50,0.15
16/08/2019,2019,8,16,E2GI,GFF,75,0.067
16/08/2019,2019,8,16,E2GI,GFF,100,0.028
22/09/2019,2019,9,22,E2GI,0.2_um,0,0.054
22/09/2019,2019,9,22,E2GI,0.2_um,20,0.013
22/09/2019,2019,9,22,E2GI,0.2_um,75,0.052
22/09/2019,2019,9,22,E2GI,2_um,0,0.046
22/09/2019,2019,9,22,E2GI,2_um,20,0.146
22/09/2019,2019,9,22,E2GI,2_um,75,0.004
22/09/2019,2019,9,22,E2GI,20_um,0,0.017
22/09/2019,2019,9,22,E2GI,20_um,20,1.71
22/09/2019,2019,9,22,E2GI,20_um,75,0.026
22/09/2019,2019,9,22,E2GI,GFF,0,0.179
22/09/2019,2019,9,22,E2GI,GFF,10,0.198
22/09/2019,2019,9,22,E2GI,GFF,20,1.83
22/09/2019,2019,9,22,E2GI,GFF,30,0.568
22/09/2019,2019,9,22,E2GI,GFF,40,0.3
22/09/2019,2019,9,22,E2GI,GFF,50,0.187
22/09/2019,2019,9,22,E2GI,GFF,75,0.12
22/09/2019,2019,9,22,E2GI,GFF,100,0.055
03/10/2019,2019,10,3,E2GI,0.2_um,0,0.12
03/10/2019,2019,10,3,E2GI,0.2_um,20,0.186
03/10/2019,2019,10,3,E2GI,0.2_um,75,0.051
03/10/2019,2019,10,3,E2GI,2_um,0,0.065
03/10/2019,2019,10,3,E2GI,2_um,20,0.2
03/10/2019,2019,10,3,E2GI,2_um,75,0.041
03/10/2019,2019,10,3,E2GI,20_um,0,0.023
03/10/2019,2019,10,3,E2GI,20_um,20,0.082
03/10/2019,2019,10,3,E2GI,20_um,75,0.024
03/10/2019,2019,10,3,E2GI,GFF,0,0.186
03/10/2019,2019,10,3,E2GI,GFF,10,0.618
03/10/2019,2019,10,3,E2GI,GFF,20,0.561
03/10/2019,2019,10,3,E2GI,GFF,30,0.337
03/10/2019,2019,10,3,E2GI,GFF,40,0.174
03/10/2019,2019,10,3,E2GI,GFF,50,0.193
03/10/2019,2019,10,3,E2GI,GFF,75,0.097
03/10/2019,2019,10,3,E2GI,GFF,100,0.068
07/01/2020,2020,1,7,E2GI,0.2_um,0,0.035
07/01/2020,2020,1,7,E2GI,0.2_um,10,0.233
07/01/2020,2020,1,7,E2GI,0.2_um,20,0.402
07/01/2020,2020,1,7,E2GI,0.2_um,75,0.01
07/01/2020,2020,1,7,E2GI,2_um,0,0.274
07/01/2020,2020,1,7,E2GI,2_um,10,0.119
07/01/2020,2020,1,7,E2GI,2_um,20,0.107
07/01/2020,2020,1,7,E2GI,2_um,75,0.048
07/01/2020,2020,1,7,E2GI,20_um,0,1.802
07/01/2020,2020,1,7,E2GI,20_um,10,1.948
07/01/2020,2020,1,7,E2GI,20_um,20,0.099
07/01/2020,2020,1,7,E2GI,20_um,75,0.031
07/01/2020,2020,1,7,E2GI,GFF,0,2.426
07/01/2020,2020,1,7,E2GI,GFF,10,2.404
07/01/2020,2020,1,7,E2GI,GFF,20,0.779
07/01/2020,2020,1,7,E2GI,GFF,30,0.309
07/01/2020,2020,1,7,E2GI,GFF,40,0.253
07/01/2020,2020,1,7,E2GI,GFF,50,0.181
07/01/2020,2020,1,7,E2GI,GFF,75,0.101
07/01/2020,2020,1,7,E2GI,GFF,100,0.102
20/02/2020,2020,2,20,E2GI,0.2_um,0,0.214
20/02/2020,2020,2,20,E2GI,0.2_um,20,0.249
20/02/2020,2020,2,20,E2GI,0.2_um,75,0.121
20/02/2020,2020,2,20,E2GI,2_um,0,0.302
20/02/2020,2020,2,20,E2GI,2_um,20,0.206
20/02/2020,2020,2,20,E2GI,2_um,75,0.448
20/02/2020,2020,2,20,E2GI,20_um,0,0.938
20/02/2020,2020,2,20,E2GI,20_um,20,2.298
20/02/2020,2020,2,20,E2GI,20_um,75,0.818
20/02/2020,2020,2,20,E2GI,GFF,0,2.84
20/02/2020,2020,2,20,E2GI,GFF,10,2.682
20/02/2020,2020,2,20,E2GI,GFF,20,2.393
20/02/2020,2020,2,20,E2GI,GFF,30,1.884
20/02/2020,2020,2,20,E2GI,GFF,40,2.021
20/02/2020,2020,2,20,E2GI,GFF,50,1.598
20/02/2020,2020,2,20,E2GI,GFF,75,1.691
20/02/2020,2020,2,20,E2GI,GFF,100,0.641
12/03/2020,2020,3,12,E2GI,0.2_um,0,0.745
12/03/2020,2020,3,12,E2GI,0.2_um,10,0.807
12/03/2020,2020,3,12,E2GI,0.2_um,20,0.382
12/03/2020,2020,3,12,E2GI,0.2_um,75,0.138
12/03/2020,2020,3,12,E2GI,2_um,0,0.949
12/03/2020,2020,3,12,E2GI,2_um,10,0.644
12/03/2020,2020,3,12,E2GI,2_um,20,0.188
12/03/2020,2020,3,12,E2GI,2_um,75,0.124
12/03/2020,2020,3,12,E2GI,20_um,0,0.029
12/03/2020,2020,3,12,E2GI,20_um,10,0.072
12/03/2020,2020,3,12,E2GI,20_um,20,0.03
12/03/2020,2020,3,12,E2GI,20_um,75,0.046
12/03/2020,2020,3,12,E2GI,GFF,0,2.417
12/03/2020,2020,3,12,E2GI,GFF,10,1.771
12/03/2020,2020,3,12,E2GI,GFF,20,0.802
12/03/2020,2020,3,12,E2GI,GFF,30,0.352
12/03/2020,2020,3,12,E2GI,GFF,40,0.3
12/03/2020,2020,3,12,E2GI,GFF,50,0.345
12/03/2020,2020,3,12,E2GI,GFF,75,0.356
12/03/2020,2020,3,12,E2GI,GFF,100,0.304
11/06/2020,2020,6,11,E2GI,0.2_um,0,0.053
11/06/2020,2020,6,11,E2GI,0.2_um,20,0.048
11/06/2020,2020,6,11,E2GI,0.2_um,40,0.154
11/06/2020,2020,6,11,E2GI,0.2_um,75,0.016
11/06/2020,2020,6,11,E2GI,2_um,0,0.042
11/06/2020,2020,6,11,E2GI,2_um,20,0.052
11/06/2020,2020,6,11,E2GI,2_um,40,0.167
11/06/2020,2020,6,11,E2GI,2_um,75,0.031
11/06/2020,2020,6,11,E2GI,20_um,0,0.007
11/06/2020,2020,6,11,E2GI,20_um,20,0.016
11/06/2020,2020,6,11,E2GI,20_um,40,0.063
11/06/2020,2020,6,11,E2GI,20_um,75,0.034
11/06/2020,2020,6,11,E2GI,GFF,0,0.06
11/06/2020,2020,6,11,E2GI,GFF,10,0.107
11/06/2020,2020,6,11,E2GI,GFF,20,0.128
11/06/2020,2020,6,11,E2GI,GFF,30,0.16
11/06/2020,2020,6,11,E2GI,GFF,40,0.399
11/06/2020,2020,6,11,E2GI,GFF,50,0.205
11/06/2020,2020,6,11,E2GI,GFF,75,0.059
11/06/2020,2020,6,11,E2GI,GFF,100,0.057
01/07/2020,2020,7,1,E2GI,0.2_um,0,0.056
01/07/2020,2020,7,1,E2GI,0.2_um,20,0.16
01/07/2020,2020,7,1,E2GI,0.2_um,75,0.011
01/07/2020,2020,7,1,E2GI,2_um,0,0.051
01/07/2020,2020,7,1,E2GI,2_um,20,0.056
01/07/2020,2020,7,1,E2GI,2_um,75,0.015
01/07/2020,2020,7,1,E2GI,20_um,0,0.015
01/07/2020,2020,7,1,E2GI,20_um,20,0.064
01/07/2020,2020,7,1,E2GI,20_um,75,0.014
01/07/2020,2020,7,1,E2GI,GFF,0,0.122
01/07/2020,2020,7,1,E2GI,GFF,10,0.126
01/07/2020,2020,7,1,E2GI,GFF,20,0.246
01/07/2020,2020,7,1,E2GI,GFF,30,0.35
01/07/2020,2020,7,1,E2GI,GFF,40,0.298
01/07/2020,2020,7,1,E2GI,GFF,50,0.216
01/07/2020,2020,7,1,E2GI,GFF,75,0.045
01/07/2020,2020,7,1,E2GI,GFF,100,0.029
08/08/2020,2020,8,8,E2GI,0.2_um,0,0.01
08/08/2020,2020,8,8,E2GI,0.2_um,20,0.797
08/08/2020,2020,8,8,E2GI,0.2_um,75,0.005
08/08/2020,2020,8,8,E2GI,2_um,0,0.022
08/08/2020,2020,8,8,E2GI,2_um,20,0.207
08/08/2020,2020,8,8,E2GI,2_um,75,0.017
08/08/2020,2020,8,8,E2GI,20_um,0,0.025
08/08/2020,2020,8,8,E2GI,20_um,20,1.391
08/08/2020,2020,8,8,E2GI,20_um,75,0.016
08/08/2020,2020,8,8,E2GI,GFF,0,0.099
08/08/2020,2020,8,8,E2GI,GFF,10,0.34
08/08/2020,2020,8,8,E2GI,GFF,20,2.21
08/08/2020,2020,8,8,E2GI,GFF,30,0.445
08/08/2020,2020,8,8,E2GI,GFF,40,0.171
08/08/2020,2020,8,8,E2GI,GFF,50,0.14
08/08/2020,2020,8,8,E2GI,GFF,75,0.034
08/08/2020,2020,8,8,E2GI,GFF,100,0.018
05/09/2020,2020,9,5,E2GI,0.2_um,0,0.062
05/09/2020,2020,9,5,E2GI,0.2_um,20,0.264
05/09/2020,2020,9,5,E2GI,0.2_um,55,0.14
05/09/2020,2020,9,5,E2GI,0.2_um,75,0.037
05/09/2020,2020,9,5,E2GI,2_um,0,0.017
05/09/2020,2020,9,5,E2GI,2_um,20,0.022
05/09/2020,2020,9,5,E2GI,2_um,55,0.051
05/09/2020,2020,9,5,E2GI,2_um,75,0.073
05/09/2020,2020,9,5,E2GI,20_um,0,0.04
05/09/2020,2020,9,5,E2GI,20_um,55,0.272
05/09/2020,2020,9,5,E2GI,20_um,75,0.021
05/09/2020,2020,9,5,E2GI,GFF,0,0.13
05/09/2020,2020,9,5,E2GI,GFF,10,0.111
05/09/2020,2020,9,5,E2GI,GFF,20,0.379
05/09/2020,2020,9,5,E2GI,GFF,30,0.287
05/09/2020,2020,9,5,E2GI,GFF,40,0.304
05/09/2020,2020,9,5,E2GI,GFF,50,0.273
05/09/2020,2020,9,5,E2GI,GFF,55,0.489
05/09/2020,2020,9,5,E2GI,GFF,75,0.07
05/09/2020,2020,9,5,E2GI,GFF,100,0.029
12/10/2020,2020,10,12,E2GI,0.2_um,0,0.621
12/10/2020,2020,10,12,E2GI,0.2_um,20,0.06
12/10/2020,2020,10,12,E2GI,0.2_um,75,0.02
12/10/2020,2020,10,12,E2GI,2_um,0,0.145
12/10/2020,2020,10,12,E2GI,2_um,20,0.052
12/10/2020,2020,10,12,E2GI,2_um,75,0.024
12/10/2020,2020,10,12,E2GI,20_um,0,0.073
12/10/2020,2020,10,12,E2GI,20_um,20,0.026
12/10/2020,2020,10,12,E2GI,20_um,75,0.022
12/10/2020,2020,10,12,E2GI,GFF,0,0.909
12/10/2020,2020,10,12,E2GI,GFF,10,0.607
12/10/2020,2020,10,12,E2GI,GFF,20,0.184
12/10/2020,2020,10,12,E2GI,GFF,30,0.11
12/10/2020,2020,10,12,E2GI,GFF,40,0.076
12/10/2020,2020,10,12,E2GI,GFF,50,0.099
12/10/2020,2020,10,12,E2GI,GFF,75,0.087
12/10/2020,2020,10,12,E2GI,GFF,100,0.04
02/02/2021,2021,1,2,E2GI,0.2_um,0,0.134
02/02/2021,2021,1,2,E2GI,0.2_um,20,0.151
02/02/2021,2021,1,2,E2GI,0.2_um,75,0.142
02/02/2021,2021,1,2,E2GI,2_um,0,0.251
02/02/2021,2021,1,2,E2GI,2_um,20,0.094
02/02/2021,2021,1,2,E2GI,2_um,75,0.083
02/02/2021,2021,1,2,E2GI,20_um,0,0.099
02/02/2021,2021,1,2,E2GI,20_um,20,0.021
02/02/2021,2021,1,2,E2GI,20_um,75,0.048
02/02/2021,2021,1,2,E2GI,GFF,0,0.378
02/02/2021,2021,1,2,E2GI,GFF,10,0.254
02/02/2021,2021,1,2,E2GI,GFF,20,0.256
02/02/2021,2021,1,2,E2GI,GFF,30,0.242
02/02/2021,2021,1,2,E2GI,GFF,40,0.198
02/02/2021,2021,1,2,E2GI,GFF,50,0.19
02/02/2021,2021,1,2,E2GI,GFF,75,0.22
02/02/2021,2021,1,2,E2GI,GFF,100,0.174
30/03/2021,2021,3,30,E2GI,0.2_um,0,0.293
30/03/2021,2021,3,30,E2GI,0.2_um,20,0.45
30/03/2021,2021,3,30,E2GI,0.2_um,75,0.031
30/03/2021,2021,3,30,E2GI,2_um,0,0.156
30/03/2021,2021,3,30,E2GI,2_um,20,0.348
30/03/2021,2021,3,30,E2GI,2_um,75,0.056
30/03/2021,2021,3,30,E2GI,20_um,0,0.148
30/03/2021,2021,3,30,E2GI,20_um,20,0.144
30/03/2021,2021,3,30,E2GI,20_um,75,0.018
30/03/2021,2021,3,30,E2GI,GFF,0,0.773
30/03/2021,2021,3,30,E2GI,GFF,10,0.421
30/03/2021,2021,3,30,E2GI,GFF,20,0.622
30/03/2021,2021,3,30,E2GI,GFF,30,0.74
30/03/2021,2021,3,30,E2GI,GFF,40,0.384
30/03/2021,2021,3,30,E2GI,GFF,50,0.364
30/03/2021,2021,3,30,E2GI,GFF,75,0.131
30/03/2021,2021,3,30,E2GI,GFF,100,0.121
13/08/2021,2021,8,13,E2GI,0.2_um,0,0.102
13/08/2021,2021,8,13,E2GI,0.2_um,20,0.082
13/08/2021,2021,8,13,E2GI,0.2_um,75,0.055
13/08/2021,2021,8,13,E2GI,2_um,0,0.049
13/08/2021,2021,8,13,E2GI,2_um,20,0.053
13/08/2021,2021,8,13,E2GI,2_um,75,0.027
13/08/2021,2021,8,13,E2GI,20_um,0,0.005
13/08/2021,2021,8,13,E2GI,20_um,20,0.008
13/08/2021,2021,8,13,E2GI,20_um,75,0.014
13/08/2021,2021,8,13,E2GI,GFF,0,0.114
13/08/2021,2021,8,13,E2GI,GFF,10,0.118
13/08/2021,2021,8,13,E2GI,GFF,20,0.162
13/08/2021,2021,8,13,E2GI,GFF,30,0.176
13/08/2021,2021,8,13,E2GI,GFF,40,0.345
13/08/2021,2021,8,13,E2GI,GFF,50,0.667
13/08/2021,2021,8,13,E2GI,GFF,75,0.089
13/08/2021,2021,8,13,E2GI,GFF,100,0.04
10/09/2021,2021,9,10,E2GI,0.2_um,0,0.055
10/09/2021,2021,9,10,E2GI,0.2_um,20,0.271
10/09/2021,2021,9,10,E2GI,0.2_um,50,0.135
10/09/2021,2021,9,10,E2GI,0.2_um,75,0.001
10/09/2021,2021,9,10,E2GI,2_um,0,0.072
10/09/2021,2021,9,10,E2GI,2_um,20,0.157
10/09/2021,2021,9,10,E2GI,2_um,50,0.167
10/09/2021,2021,9,10,E2GI,20_um,0,0.031
10/09/2021,2021,9,10,E2GI,20_um,20,0.141
10/09/2021,2021,9,10,E2GI,20_um,50,0.466
10/09/2021,2021,9,10,E2GI,GFF,0,0.296
10/09/2021,2021,9,10,E2GI,GFF,10,0.319
10/09/2021,2021,9,10,E2GI,GFF,20,0.656
10/09/2021,2021,9,10,E2GI,GFF,30,0.903
10/09/2021,2021,9,10,E2GI,GFF,40,1.118
10/09/2021,2021,9,10,E2GI,GFF,50,1.321
10/09/2021,2021,9,10,E2GI,GFF,75,0.384
10/09/2021,2021,9,10,E2GI,GFF,100,0.208
17/12/2021,2021,12,17,E2GI,0.2_um,0,0.155
17/12/2021,2021,12,17,E2GI,0.2_um,20,0.098
17/12/2021,2021,12,17,E2GI,0.2_um,75,0.074
17/12/2021,2021,12,17,E2GI,2_um,0,0.075
17/12/2021,2021,12,17,E2GI,2_um,20,0.102
17/12/2021,2021,12,17,E2GI,2_um,75,0.054
17/12/2021,2021,12,17,E2GI,20_um,0,0.023
17/12/2021,2021,12,17,E2GI,20_um,20,0.017
17/12/2021,2021,12,17,E2GI,20_um,75,0.019
17/12/2021,2021,12,17,E2GI,GFF,0,0.253
17/12/2021,2021,12,17,E2GI,GFF,10,0.239
17/12/2021,2021,12,17,E2GI,GFF,20,0.266
17/12/2021,2021,12,17,E2GI,GFF,30,0.216
17/12/2021,2021,12,17,E2GI,GFF,40,0.182
17/12/2021,2021,12,17,E2GI,GFF,50,0.179
17/12/2021,2021,12,17,E2GI,GFF,75,0.153
17/12/2021,2021,12,17,E2GI,GFF,100,0.035
19/01/2022,2022,1,19,E2GI,0.2_um,0,0.161
19/01/2022,2022,1,19,E2GI,0.2_um,20,0.12
19/01/2022,2022,1,19,E2GI,0.2_um,75,0.115
19/01/2022,2022,1,19,E2GI,2_um,0,0.139
19/01/2022,2022,1,19,E2GI,2_um,20,0.194
19/01/2022,2022,1,19,E2GI,2_um,75,0.042
19/01/2022,2022,1,19,E2GI,20_um,0,0.034
19/01/2022,2022,1,19,E2GI,20_um,20,0.026
19/01/2022,2022,1,19,E2GI,20_um,75,0.018
19/01/2022,2022,1,19,E2GI,GFF,0,0.446
19/01/2022,2022,1,19,E2GI,GFF,10,0.408
19/01/2022,2022,1,19,E2GI,GFF,20,0.434
19/01/2022,2022,1,19,E2GI,GFF,30,0.412
19/01/2022,2022,1,19,E2GI,GFF,40,0.4
19/01/2022,2022,1,19,E2GI,GFF,50,0.372
19/01/2022,2022,1,19,E2GI,GFF,75,0.161
19/01/2022,2022,1,19,E2GI,GFF,100,0.156
06/02/2022,2022,2,6,E2GI,0.2_um,0,0.27
06/02/2022,2022,2,6,E2GI,0.2_um,20,0.18
06/02/2022,2022,2,6,E2GI,0.2_um,75,0.14
06/02/2022,2022,2,6,E2GI,2_um,0,0.088
06/02/2022,2022,2,6,E2GI,2_um,20,0.077
06/02/2022,2022,2,6,E2GI,2_um,75,0.109
06/02/2022,2022,2,6,E2GI,20_um,0,0.046
06/02/2022,2022,2,6,E2GI,20_um,20,0.044
06/02/2022,2022,2,6,E2GI,20_um,75,0.009
06/02/2022,2022,2,6,E2GI,GFF,0,0.449
06/02/2022,2022,2,6,E2GI,GFF,10,0.407
06/02/2022,2022,2,6,E2GI,GFF,20,0.439
06/02/2022,2022,2,6,E2GI,GFF,30,0.393
06/02/2022,2022,2,6,E2GI,GFF,40,0.439
06/02/2022,2022,2,6,E2GI,GFF,50,0.415
06/02/2022,2022,2,6,E2GI,GFF,75,0.349
06/02/2022,2022,2,6,E2GI,GFF,100,0.272
05/04/2022,2022,4,5,E2GI,0.2_um,0,0.068
05/04/2022,2022,4,5,E2GI,0.2_um,20,0.4
05/04/2022,2022,4,5,E2GI,0.2_um,75,0.015
05/04/2022,2022,4,5,E2GI,2_um,0,0.292
05/04/2022,2022,4,5,E2GI,2_um,20,0.445
05/04/2022,2022,4,5,E2GI,2_um,75,0.045
05/04/2022,2022,4,5,E2GI,20_um,0,0.054
05/04/2022,2022,4,5,E2GI,20_um,20,0.016
05/04/2022,2022,4,5,E2GI,20_um,75,0.012
05/04/2022,2022,4,5,E2GI,GFF,0,0.728
05/04/2022,2022,4,5,E2GI,GFF,10,1.014
05/04/2022,2022,4,5,E2GI,GFF,20,1.057
05/04/2022,2022,4,5,E2GI,GFF,30,0.483
05/04/2022,2022,4,5,E2GI,GFF,40,0.188
05/04/2022,2022,4,5,E2GI,GFF,50,0.16
05/04/2022,2022,4,5,E2GI,GFF,75,0.071
05/04/2022,2022,4,5,E2GI,GFF,100,0.041
04/05/2022,2022,5,4,E2GI,0.2_um,0,0.119
04/05/2022,2022,5,4,E2GI,0.2_um,20,0.16
04/05/2022,2022,5,4,E2GI,0.2_um,40,0.359
04/05/2022,2022,5,4,E2GI,0.2_um,75,0.007
04/05/2022,2022,5,4,E2GI,2_um,0,0.054
04/05/2022,2022,5,4,E2GI,2_um,20,0.09
04/05/2022,2022,5,4,E2GI,2_um,40,0.543
04/05/2022,2022,5,4,E2GI,2_um,75,0.013
04/05/2022,2022,5,4,E2GI,20_um,0,0.017
04/05/2022,2022,5,4,E2GI,20_um,20,0.018
04/05/2022,2022,5,4,E2GI,20_um,40,0.052
04/05/2022,2022,5,4,E2GI,20_um,75,0.014
04/05/2022,2022,5,4,E2GI,GFF,0,0.196
04/05/2022,2022,5,4,E2GI,GFF,10,0.217
04/05/2022,2022,5,4,E2GI,GFF,20,0.298
04/05/2022,2022,5,4,E2GI,GFF,30,0.412
04/05/2022,2022,5,4,E2GI,GFF,40,1.108
04/05/2022,2022,5,4,E2GI,GFF,50,0.236
04/05/2022,2022,5,4,E2GI,GFF,75,0.013
04/05/2022,2022,5,4,E2GI,GFF,100,0.016
11/06/2022,2022,6,11,E2GI,0.2_um,0,0.114
11/06/2022,2022,6,11,E2GI,0.2_um,20,0.121
28/06/2022,2022,6,28,E2GI,0.2_um,40,0.173
11/06/2022,2022,6,11,E2GI,0.2_um,50,0.284
11/06/2022,2022,6,11,E2GI,0.2_um,75,0.018
11/06/2022,2022,6,11,E2GI,2_um,0,0.068
11/06/2022,2022,6,11,E2GI,2_um,20,0.027
28/06/2022,2022,6,28,E2GI,2_um,40,0.029
11/06/2022,2022,6,11,E2GI,2_um,50,0.159
11/06/2022,2022,6,11,E2GI,2_um,75,0.023
11/06/2022,2022,6,11,E2GI,20_um,0,0.014
11/06/2022,2022,6,11,E2GI,20_um,20,0.086
28/06/2022,2022,6,28,E2GI,20_um,40,0.086
11/06/2022,2022,6,11,E2GI,20_um,50,0.04
11/06/2022,2022,6,11,E2GI,20_um,75,0.03
11/06/2022,2022,6,11,E2GI,GFF,0,0.217
11/06/2022,2022,6,11,E2GI,GFF,10,0.168
11/06/2022,2022,6,11,E2GI,GFF,20,0.266
11/06/2022,2022,6,11,E2GI,GFF,30,1.214
11/06/2022,2022,6,11,E2GI,GFF,40,1.075
11/06/2022,2022,6,11,E2GI,GFF,50,0.517
11/06/2022,2022,6,11,E2GI,GFF,75,0.093
11/06/2022,2022,6,11,E2GI,GFF,100,0.074
23/10/2022,2022,10,23,E2GI,0.2_um,0,0.114
23/10/2022,2022,10,23,E2GI,0.2_um,20,0.092
23/10/2022,2022,10,23,E2GI,0.2_um,75,0.115
23/10/2022,2022,10,23,E2GI,2_um,0,0.266
23/10/2022,2022,10,23,E2GI,2_um,20,0.439
23/10/2022,2022,10,23,E2GI,2_um,75,0.028
23/10/2022,2022,10,23,E2GI,20_um,0,1.377
23/10/2022,2022,10,23,E2GI,20_um,20,0.313
23/10/2022,2022,10,23,E2GI,20_um,75,0.045
23/10/2022,2022,10,23,E2GI,GFF,0,1.492
23/10/2022,2022,10,23,E2GI,GFF,10,1.117
23/10/2022,2022,10,23,E2GI,GFF,20,0.95
23/10/2022,2022,10,23,E2GI,GFF,30,1.119
23/10/2022,2022,10,23,E2GI,GFF,40,0.601
23/10/2022,2022,10,23,E2GI,GFF,50,0.309
23/10/2022,2022,10,23,E2GI,GFF,75,0.171
23/10/2022,2022,10,23,E2GI,GFF,100,0.077
17/12/2022,2022,12,17,E2GI,0.2_um,0,0.212
17/12/2022,2022,12,17,E2GI,0.2_um,20,0.189
17/12/2022,2022,12,17,E2GI,0.2_um,75,0.128
17/12/2022,2022,12,17,E2GI,2_um,0,0.095
17/12/2022,2022,12,17,E2GI,2_um,20,0.053
17/12/2022,2022,12,17,E2GI,2_um,75,0.078
17/12/2022,2022,12,17,E2GI,20_um,0,0.042
17/12/2022,2022,12,17,E2GI,20_um,20,0.03
17/12/2022,2022,12,17,E2GI,20_um,75,0.048
17/12/2022,2022,12,17,E2GI,GFF,0,0.379
17/12/2022,2022,12,17,E2GI,GFF,10,0.328
17/12/2022,2022,12,17,E2GI,GFF,20,0.362
17/12/2022,2022,12,17,E2GI,GFF,30,0.34
17/12/2022,2022,12,17,E2GI,GFF,40,0.391
17/12/2022,2022,12,17,E2GI,GFF,50,0.428
17/12/2022,2022,12,17,E2GI,GFF,75,0.334
17/12/2022,2022,12,17,E2GI,GFF,100,0.18
